city,group,sub_group,year,value
KOTA MEULABOH,2020,"Makanan, Minuman dan Tembakau",2020,0.6825000000000001
KOTA BANDA ACEH,2020,"Makanan, Minuman dan Tembakau",2020,0.5266666666666667
KOTA LHOKSEUMAWE,2020,"Makanan, Minuman dan Tembakau",2020,0.6591666666666667
KOTA SIBOLGA,2020,"Makanan, Minuman dan Tembakau",2020,0.3725
KOTA PEMATANG SIANTAR,2020,"Makanan, Minuman dan Tembakau",2020,0.5358333333333333
KOTA MEDAN,2020,"Makanan, Minuman dan Tembakau",2020,0.36
KOTA PADANGSIDIMPUAN,2020,"Makanan, Minuman dan Tembakau",2020,0.4683333333333334
KOTA GUNUNGSITOLI,2020,"Makanan, Minuman dan Tembakau",2020,0.8399999999999999
KOTA PADANG,2020,"Makanan, Minuman dan Tembakau",2020,0.4041666666666667
KOTA BUKITTINGGI,2020,"Makanan, Minuman dan Tembakau",2020,0.3058333333333333
TEMBILAHAN,2020,"Makanan, Minuman dan Tembakau",2020,0.3708333333333333
KOTA PEKANBARU,2020,"Makanan, Minuman dan Tembakau",2020,0.4408333333333333
KOTA DUMAI,2020,"Makanan, Minuman dan Tembakau",2020,0.525
BUNGO,2020,"Makanan, Minuman dan Tembakau",2020,0.4366666666666667
KOTA JAMBI,2020,"Makanan, Minuman dan Tembakau",2020,0.5225
KOTA PALEMBANG,2020,"Makanan, Minuman dan Tembakau",2020,0.1983333333333333
KOTA LUBUKLINGGAU,2020,"Makanan, Minuman dan Tembakau",2020,0.2283333333333333
KOTA BENGKULU,2020,"Makanan, Minuman dan Tembakau",2020,0.0058333333333333
KOTA BANDAR LAMPUNG,2020,"Makanan, Minuman dan Tembakau",2020,0.3475
KOTA METRO,2020,"Makanan, Minuman dan Tembakau",2020,0.2583333333333333
TANJUNG PANDAN,2020,"Makanan, Minuman dan Tembakau",2020,0.3733333333333333
KOTA PANGKAL PINANG,2020,"Makanan, Minuman dan Tembakau",2020,0.3608333333333333
KOTA BATAM,2020,"Makanan, Minuman dan Tembakau",2020,0.24
KOTA TANJUNG PINANG,2020,"Makanan, Minuman dan Tembakau",2020,0.3283333333333333
DKI JAKARTA,2020,"Makanan, Minuman dan Tembakau",2020,0.3583333333333333
KOTA BOGOR,2020,"Makanan, Minuman dan Tembakau",2020,0.2991666666666666
KOTA SUKABUMI,2020,"Makanan, Minuman dan Tembakau",2020,0.2491666666666666
KOTA BANDUNG,2020,"Makanan, Minuman dan Tembakau",2020,0.3533333333333333
KOTA CIREBON,2020,"Makanan, Minuman dan Tembakau",2020,0.1849999999999999
KOTA BEKASI,2020,"Makanan, Minuman dan Tembakau",2020,0.3091666666666666
KOTA DEPOK,2020,"Makanan, Minuman dan Tembakau",2020,0.3241666666666667
KOTA TASIKMALAYA,2020,"Makanan, Minuman dan Tembakau",2020,0.235
CILACAP,2020,"Makanan, Minuman dan Tembakau",2020,0.2833333333333332
PURWOKERTO,2020,"Makanan, Minuman dan Tembakau",2020,0.2758333333333333
KUDUS,2020,"Makanan, Minuman dan Tembakau",2020,0.2458333333333333
KOTA SURAKARTA,2020,"Makanan, Minuman dan Tembakau",2020,0.1283333333333333
KOTA SEMARANG,2020,"Makanan, Minuman dan Tembakau",2020,0.4158333333333333
KOTA TEGAL,2020,"Makanan, Minuman dan Tembakau",2020,0.3633333333333333
KOTA YOGYAKARTA,2020,"Makanan, Minuman dan Tembakau",2020,0.2299999999999999
JEMBER,2020,"Makanan, Minuman dan Tembakau",2020,0.2966666666666666
BANYUWANGI,2020,"Makanan, Minuman dan Tembakau",2020,0.2491666666666666
SUMENEP,2020,"Makanan, Minuman dan Tembakau",2020,0.1933333333333333
KOTA KEDIRI,2020,"Makanan, Minuman dan Tembakau",2020,0.2933333333333334
KOTA MALANG,2020,"Makanan, Minuman dan Tembakau",2020,0.3266666666666666
KOTA PROBOLINGGO,2020,"Makanan, Minuman dan Tembakau",2020,0.2383333333333333
KOTA MADIUN,2020,"Makanan, Minuman dan Tembakau",2020,0.2908333333333333
KOTA SURABAYA,2020,"Makanan, Minuman dan Tembakau",2020,0.1458333333333333
KOTA TANGERANG,2020,"Makanan, Minuman dan Tembakau",2020,0.1983333333333333
KOTA CILEGON,2020,"Makanan, Minuman dan Tembakau",2020,0.2625
KOTA SERANG,2020,"Makanan, Minuman dan Tembakau",2020,0.2216666666666666
SINGARAJA,2020,"Makanan, Minuman dan Tembakau",2020,0.4858333333333333
KOTA DENPASAR,2020,"Makanan, Minuman dan Tembakau",2020,0.1358333333333333
KOTA MATARAM,2020,"Makanan, Minuman dan Tembakau",2020,0.2183333333333333
KOTA BIMA,2020,"Makanan, Minuman dan Tembakau",2020,0.1233333333333333
WAINGAPU,2020,"Makanan, Minuman dan Tembakau",2020,0.2516666666666667
MAUMERE,2020,"Makanan, Minuman dan Tembakau",2020,0.3008333333333333
KOTA KUPANG,2020,"Makanan, Minuman dan Tembakau",2020,0.2425
SINTANG,2020,"Makanan, Minuman dan Tembakau",2020,0.8833333333333334
KOTA PONTIANAK,2020,"Makanan, Minuman dan Tembakau",2020,0.425
KOTA SINGKAWANG,2020,"Makanan, Minuman dan Tembakau",2020,0.5458333333333334
SAMPIT,2020,"Makanan, Minuman dan Tembakau",2020,0.2383333333333333
KOTA PALANGKA RAYA,2020,"Makanan, Minuman dan Tembakau",2020,0.0708333333333333
KOTA BARU,2020,"Makanan, Minuman dan Tembakau",2020,0.1041666666666666
TANJUNG,2020,"Makanan, Minuman dan Tembakau",2020,0.2866666666666667
KOTA BANJARMASIN,2020,"Makanan, Minuman dan Tembakau",2020,0.12
KOTA BALIKPAPAN,2020,"Makanan, Minuman dan Tembakau",2020,0.3158333333333333
KOTA SAMARINDA,2020,"Makanan, Minuman dan Tembakau",2020,0.1741666666666666
TANJUNG SELOR,2020,"Makanan, Minuman dan Tembakau",2020,0.2641666666666665
KOTA TARAKAN,2020,"Makanan, Minuman dan Tembakau",2020,0.0875
KOTA MANADO,2020,"Makanan, Minuman dan Tembakau",2020,-0.0291666666666666
KOTA KOTAMOBAGU,2020,"Makanan, Minuman dan Tembakau",2020,0.5083333333333334
LUWUK,2020,"Makanan, Minuman dan Tembakau",2020,0.1566666666666666
KOTA PALU,2020,"Makanan, Minuman dan Tembakau",2020,0.3958333333333333
BULUKUMBA,2020,"Makanan, Minuman dan Tembakau",2020,0.1308333333333333
WATAMPONE,2020,"Makanan, Minuman dan Tembakau",2020,0.2108333333333333
KOTA MAKASSAR,2020,"Makanan, Minuman dan Tembakau",2020,0.3075
KOTA PARE-PARE,2020,"Makanan, Minuman dan Tembakau",2020,0.2458333333333333
KOTA PALOPO,2020,"Makanan, Minuman dan Tembakau",2020,0.2416666666666666
KOTA KENDARI,2020,"Makanan, Minuman dan Tembakau",2020,0.2366666666666667
KOTA BUA-BAU,2020,"Makanan, Minuman dan Tembakau",2020,0.3241666666666666
KOTA GORONTALO,2020,"Makanan, Minuman dan Tembakau",2020,0.0616666666666666
MAMUJU,2020,"Makanan, Minuman dan Tembakau",2020,0.3383333333333334
KOTA AMBON,2020,"Makanan, Minuman dan Tembakau",2020,0.155
KOTA TUAL,2020,"Makanan, Minuman dan Tembakau",2020,0.2891666666666666
KOTA TERNATE,2020,"Makanan, Minuman dan Tembakau",2020,0.6116666666666667
MANOKWARI,2020,"Makanan, Minuman dan Tembakau",2020,-0.0991666666666666
KOTA SORONG,2020,"Makanan, Minuman dan Tembakau",2020,0.4391666666666667
MERAUKE,2020,"Makanan, Minuman dan Tembakau",2020,0.2616666666666665
TIMIKA,2020,"Makanan, Minuman dan Tembakau",2020,0.798333333333333
KOTA JAYAPURA,2020,"Makanan, Minuman dan Tembakau",2020,0.0908333333333332
INDONESIA,2020,"Makanan, Minuman dan Tembakau",2020,0.2991666666666666
KOTA MEULABOH,2020,Makanan,2020,0.7558333333333334
KOTA BANDA ACEH,2020,Makanan,2020,0.5925
KOTA LHOKSEUMAWE,2020,Makanan,2020,0.7416666666666667
KOTA SIBOLGA,2020,Makanan,2020,0.4666666666666666
KOTA PEMATANG SIANTAR,2020,Makanan,2020,0.5591666666666667
KOTA MEDAN,2020,Makanan,2020,0.385
KOTA PADANGSIDIMPUAN,2020,Makanan,2020,0.4941666666666666
KOTA GUNUNGSITOLI,2020,Makanan,2020,0.93
KOTA PADANG,2020,Makanan,2020,0.3849999999999999
KOTA BUKITTINGGI,2020,Makanan,2020,0.2516666666666666
TEMBILAHAN,2020,Makanan,2020,0.3516666666666666
KOTA PEKANBARU,2020,Makanan,2020,0.4524999999999999
KOTA DUMAI,2020,Makanan,2020,0.5858333333333333
BUNGO,2020,Makanan,2020,0.4616666666666666
KOTA JAMBI,2020,Makanan,2020,0.535
KOTA PALEMBANG,2020,Makanan,2020,0.1508333333333333
KOTA LUBUKLINGGAU,2020,Makanan,2020,0.2158333333333334
KOTA BENGKULU,2020,Makanan,2020,-0.0699999999999999
KOTA BANDAR LAMPUNG,2020,Makanan,2020,0.3441666666666665
KOTA METRO,2020,Makanan,2020,0.2283333333333333
TANJUNG PANDAN,2020,Makanan,2020,0.3308333333333333
KOTA PANGKAL PINANG,2020,Makanan,2020,0.3633333333333333
KOTA BATAM,2020,Makanan,2020,0.1866666666666666
KOTA TANJUNG PINANG,2020,Makanan,2020,0.3416666666666666
DKI JAKARTA,2020,Makanan,2020,0.33
KOTA BOGOR,2020,Makanan,2020,0.29
KOTA SUKABUMI,2020,Makanan,2020,0.1099999999999999
KOTA BANDUNG,2020,Makanan,2020,0.3183333333333334
KOTA CIREBON,2020,Makanan,2020,0.2058333333333333
KOTA BEKASI,2020,Makanan,2020,0.3033333333333333
KOTA DEPOK,2020,Makanan,2020,0.3058333333333333
KOTA TASIKMALAYA,2020,Makanan,2020,0.1808333333333333
CILACAP,2020,Makanan,2020,0.2416666666666666
PURWOKERTO,2020,Makanan,2020,0.2308333333333333
KUDUS,2020,Makanan,2020,0.1758333333333333
KOTA SURAKARTA,2020,Makanan,2020,0.0791666666666666
KOTA SEMARANG,2020,Makanan,2020,0.4266666666666667
KOTA TEGAL,2020,Makanan,2020,0.3808333333333333
KOTA YOGYAKARTA,2020,Makanan,2020,0.1666666666666666
JEMBER,2020,Makanan,2020,0.1775
BANYUWANGI,2020,Makanan,2020,0.2216666666666666
SUMENEP,2020,Makanan,2020,0.1849999999999999
KOTA KEDIRI,2020,Makanan,2020,0.2791666666666667
KOTA MALANG,2020,Makanan,2020,0.2991666666666666
KOTA PROBOLINGGO,2020,Makanan,2020,0.2641666666666666
KOTA MADIUN,2020,Makanan,2020,0.2333333333333334
KOTA SURABAYA,2020,Makanan,2020,0.1283333333333333
KOTA TANGERANG,2020,Makanan,2020,0.1783333333333333
KOTA CILEGON,2020,Makanan,2020,0.1858333333333333
KOTA SERANG,2020,Makanan,2020,0.15
SINGARAJA,2020,Makanan,2020,0.5033333333333333
KOTA DENPASAR,2020,Makanan,2020,0.1324999999999999
KOTA MATARAM,2020,Makanan,2020,0.2125
KOTA BIMA,2020,Makanan,2020,0.0641666666666666
WAINGAPU,2020,Makanan,2020,0.24
MAUMERE,2020,Makanan,2020,0.3033333333333333
KOTA KUPANG,2020,Makanan,2020,0.1816666666666666
SINTANG,2020,Makanan,2020,0.9508333333333332
KOTA PONTIANAK,2020,Makanan,2020,0.4474999999999999
KOTA SINGKAWANG,2020,Makanan,2020,0.5866666666666668
SAMPIT,2020,Makanan,2020,0.1566666666666667
KOTA PALANGKA RAYA,2020,Makanan,2020,0.02
KOTA BARU,2020,Makanan,2020,0.0475
TANJUNG,2020,Makanan,2020,0.2183333333333333
KOTA BANJARMASIN,2020,Makanan,2020,0.07
KOTA BALIKPAPAN,2020,Makanan,2020,0.3508333333333334
KOTA SAMARINDA,2020,Makanan,2020,0.1366666666666667
TANJUNG SELOR,2020,Makanan,2020,0.2125
KOTA TARAKAN,2020,Makanan,2020,0.0049999999999999
KOTA MANADO,2020,Makanan,2020,-0.0899999999999999
KOTA KOTAMOBAGU,2020,Makanan,2020,0.5425
LUWUK,2020,Makanan,2020,0.0391666666666666
KOTA PALU,2020,Makanan,2020,0.3691666666666666
BULUKUMBA,2020,Makanan,2020,0.1158333333333333
WATAMPONE,2020,Makanan,2020,0.1516666666666666
KOTA MAKASSAR,2020,Makanan,2020,0.25
KOTA PARE-PARE,2020,Makanan,2020,0.1975
KOTA PALOPO,2020,Makanan,2020,0.2391666666666666
KOTA KENDARI,2020,Makanan,2020,0.1733333333333333
KOTA BUA-BAU,2020,Makanan,2020,0.2224999999999999
KOTA GORONTALO,2020,Makanan,2020,-0.0108333333333333
MAMUJU,2020,Makanan,2020,0.2916666666666667
KOTA AMBON,2020,Makanan,2020,0.1391666666666666
KOTA TUAL,2020,Makanan,2020,0.2591666666666667
KOTA TERNATE,2020,Makanan,2020,0.6
MANOKWARI,2020,Makanan,2020,-0.2099999999999999
KOTA SORONG,2020,Makanan,2020,0.4491666666666667
MERAUKE,2020,Makanan,2020,0.2216666666666666
TIMIKA,2020,Makanan,2020,0.8816666666666667
KOTA JAYAPURA,2020,Makanan,2020,0.0858333333333333
INDONESIA,2020,Makanan,2020,0.2799999999999999
KOTA MEULABOH,2020,Minuman yang Tidak Beralkohol,2020,0.0091666666666666
KOTA BANDA ACEH,2020,Minuman yang Tidak Beralkohol,2020,0.0216666666666666
KOTA LHOKSEUMAWE,2020,Minuman yang Tidak Beralkohol,2020,0.0208333333333333
KOTA SIBOLGA,2020,Minuman yang Tidak Beralkohol,2020,0.015
KOTA PEMATANG SIANTAR,2020,Minuman yang Tidak Beralkohol,2020,0.1775
KOTA MEDAN,2020,Minuman yang Tidak Beralkohol,2020,-0.0399999999999999
KOTA PADANGSIDIMPUAN,2020,Minuman yang Tidak Beralkohol,2020,-0.0891666666666666
KOTA GUNUNGSITOLI,2020,Minuman yang Tidak Beralkohol,2020,0.045
KOTA PADANG,2020,Minuman yang Tidak Beralkohol,2020,0.2124999999999999
KOTA BUKITTINGGI,2020,Minuman yang Tidak Beralkohol,2020,0.0825
TEMBILAHAN,2020,Minuman yang Tidak Beralkohol,2020,0.1325
KOTA PEKANBARU,2020,Minuman yang Tidak Beralkohol,2020,0.1674999999999999
KOTA DUMAI,2020,Minuman yang Tidak Beralkohol,2020,0.0325
BUNGO,2020,Minuman yang Tidak Beralkohol,2020,0.2158333333333333
KOTA JAMBI,2020,Minuman yang Tidak Beralkohol,2020,-0.2091666666666667
KOTA PALEMBANG,2020,Minuman yang Tidak Beralkohol,2020,0.3891666666666666
KOTA LUBUKLINGGAU,2020,Minuman yang Tidak Beralkohol,2020,0.2883333333333333
KOTA BENGKULU,2020,Minuman yang Tidak Beralkohol,2020,-0.1108333333333333
KOTA BANDAR LAMPUNG,2020,Minuman yang Tidak Beralkohol,2020,0.1141666666666666
KOTA METRO,2020,Minuman yang Tidak Beralkohol,2020,0.05
TANJUNG PANDAN,2020,Minuman yang Tidak Beralkohol,2020,0.0074999999999999
KOTA PANGKAL PINANG,2020,Minuman yang Tidak Beralkohol,2020,0.2975000000000001
KOTA BATAM,2020,Minuman yang Tidak Beralkohol,2020,0.0674999999999999
KOTA TANJUNG PINANG,2020,Minuman yang Tidak Beralkohol,2020,-0.0116666666666666
DKI JAKARTA,2020,Minuman yang Tidak Beralkohol,2020,-0.0641666666666666
KOTA BOGOR,2020,Minuman yang Tidak Beralkohol,2020,0.4075
KOTA SUKABUMI,2020,Minuman yang Tidak Beralkohol,2020,0.2925
KOTA BANDUNG,2020,Minuman yang Tidak Beralkohol,2020,0.3483333333333333
KOTA CIREBON,2020,Minuman yang Tidak Beralkohol,2020,0.0941666666666666
KOTA BEKASI,2020,Minuman yang Tidak Beralkohol,2020,0.12
KOTA DEPOK,2020,Minuman yang Tidak Beralkohol,2020,0.1908333333333333
KOTA TASIKMALAYA,2020,Minuman yang Tidak Beralkohol,2020,0.1108333333333333
CILACAP,2020,Minuman yang Tidak Beralkohol,2020,0.4191666666666666
PURWOKERTO,2020,Minuman yang Tidak Beralkohol,2020,0.1666666666666666
KUDUS,2020,Minuman yang Tidak Beralkohol,2020,0.2525
KOTA SURAKARTA,2020,Minuman yang Tidak Beralkohol,2020,0.1749999999999999
KOTA SEMARANG,2020,Minuman yang Tidak Beralkohol,2020,0.3958333333333332
KOTA TEGAL,2020,Minuman yang Tidak Beralkohol,2020,0.1258333333333333
KOTA YOGYAKARTA,2020,Minuman yang Tidak Beralkohol,2020,0.1374999999999999
JEMBER,2020,Minuman yang Tidak Beralkohol,2020,0.2525
BANYUWANGI,2020,Minuman yang Tidak Beralkohol,2020,0.0108333333333333
SUMENEP,2020,Minuman yang Tidak Beralkohol,2020,0.1883333333333333
KOTA KEDIRI,2020,Minuman yang Tidak Beralkohol,2020,0.3041666666666667
KOTA MALANG,2020,Minuman yang Tidak Beralkohol,2020,0.0333333333333333
KOTA PROBOLINGGO,2020,Minuman yang Tidak Beralkohol,2020,0.0716666666666666
KOTA MADIUN,2020,Minuman yang Tidak Beralkohol,2020,0.3366666666666666
KOTA SURABAYA,2020,Minuman yang Tidak Beralkohol,2020,0.1058333333333333
KOTA TANGERANG,2020,Minuman yang Tidak Beralkohol,2020,0.2675
KOTA CILEGON,2020,Minuman yang Tidak Beralkohol,2020,0.0308333333333333
KOTA SERANG,2020,Minuman yang Tidak Beralkohol,2020,0.4091666666666667
SINGARAJA,2020,Minuman yang Tidak Beralkohol,2020,0.145
KOTA DENPASAR,2020,Minuman yang Tidak Beralkohol,2020,0.0808333333333333
KOTA MATARAM,2020,Minuman yang Tidak Beralkohol,2020,-0.0233333333333333
KOTA BIMA,2020,Minuman yang Tidak Beralkohol,2020,0.06
WAINGAPU,2020,Minuman yang Tidak Beralkohol,2020,0.5141666666666667
MAUMERE,2020,Minuman yang Tidak Beralkohol,2020,0.0033333333333333
KOTA KUPANG,2020,Minuman yang Tidak Beralkohol,2020,0.0041666666666666
SINTANG,2020,Minuman yang Tidak Beralkohol,2020,0.2575
KOTA PONTIANAK,2020,Minuman yang Tidak Beralkohol,2020,0.2775
KOTA SINGKAWANG,2020,Minuman yang Tidak Beralkohol,2020,0.11
SAMPIT,2020,Minuman yang Tidak Beralkohol,2020,0.3066666666666667
KOTA PALANGKA RAYA,2020,Minuman yang Tidak Beralkohol,2020,0.1541666666666667
KOTA BARU,2020,Minuman yang Tidak Beralkohol,2020,0.0216666666666666
TANJUNG,2020,Minuman yang Tidak Beralkohol,2020,0.4574999999999999
KOTA BANJARMASIN,2020,Minuman yang Tidak Beralkohol,2020,0.3108333333333333
KOTA BALIKPAPAN,2020,Minuman yang Tidak Beralkohol,2020,0.0241666666666666
KOTA SAMARINDA,2020,Minuman yang Tidak Beralkohol,2020,0.0741666666666666
TANJUNG SELOR,2020,Minuman yang Tidak Beralkohol,2020,-0.165
KOTA TARAKAN,2020,Minuman yang Tidak Beralkohol,2020,0.5116666666666667
KOTA MANADO,2020,Minuman yang Tidak Beralkohol,2020,0.1533333333333333
KOTA KOTAMOBAGU,2020,Minuman yang Tidak Beralkohol,2020,-0.1625
LUWUK,2020,Minuman yang Tidak Beralkohol,2020,0.36
KOTA PALU,2020,Minuman yang Tidak Beralkohol,2020,0.3324999999999999
BULUKUMBA,2020,Minuman yang Tidak Beralkohol,2020,0.2466666666666667
WATAMPONE,2020,Minuman yang Tidak Beralkohol,2020,0.3625
KOTA MAKASSAR,2020,Minuman yang Tidak Beralkohol,2020,0.5333333333333334
KOTA PARE-PARE,2020,Minuman yang Tidak Beralkohol,2020,0.1166666666666666
KOTA PALOPO,2020,Minuman yang Tidak Beralkohol,2020,0.0116666666666666
KOTA KENDARI,2020,Minuman yang Tidak Beralkohol,2020,0.1241666666666666
KOTA BUA-BAU,2020,Minuman yang Tidak Beralkohol,2020,0.485
KOTA GORONTALO,2020,Minuman yang Tidak Beralkohol,2020,0.1766666666666666
MAMUJU,2020,Minuman yang Tidak Beralkohol,2020,0.0991666666666666
KOTA AMBON,2020,Minuman yang Tidak Beralkohol,2020,-0.2508333333333333
KOTA TUAL,2020,Minuman yang Tidak Beralkohol,2020,0.1975
KOTA TERNATE,2020,Minuman yang Tidak Beralkohol,2020,0.62
MANOKWARI,2020,Minuman yang Tidak Beralkohol,2020,0.2683333333333333
KOTA SORONG,2020,Minuman yang Tidak Beralkohol,2020,0.2316666666666667
MERAUKE,2020,Minuman yang Tidak Beralkohol,2020,0.4125000000000001
TIMIKA,2020,Minuman yang Tidak Beralkohol,2020,-0.1133333333333333
KOTA JAYAPURA,2020,Minuman yang Tidak Beralkohol,2020,0.0183333333333333
INDONESIA,2020,Minuman yang Tidak Beralkohol,2020,0.1141666666666666
KOTA SIBOLGA,2020,Minuman Beralkohol,2020,1.19
KOTA PEMATANG SIANTAR,2020,Minuman Beralkohol,2020,0.0716666666666666
KOTA GUNUNGSITOLI,2020,Minuman Beralkohol,2020,0.0
KOTA BATAM,2020,Minuman Beralkohol,2020,-0.3358333333333334
KOTA TANJUNG PINANG,2020,Minuman Beralkohol,2020,-0.1166666666666667
SINGARAJA,2020,Minuman Beralkohol,2020,0.0949999999999999
KOTA DENPASAR,2020,Minuman Beralkohol,2020,0.325
WAINGAPU,2020,Minuman Beralkohol,2020,-0.0958333333333333
MAUMERE,2020,Minuman Beralkohol,2020,-0.0083333333333333
KOTA KUPANG,2020,Minuman Beralkohol,2020,-0.0616666666666666
KOTA MANADO,2020,Minuman Beralkohol,2020,0.5241666666666667
KOTA KOTAMOBAGU,2020,Minuman Beralkohol,2020,0.0933333333333333
KOTA AMBON,2020,Minuman Beralkohol,2020,-0.2033333333333332
KOTA TUAL,2020,Minuman Beralkohol,2020,0.0
KOTA SORONG,2020,Minuman Beralkohol,2020,0.0
MERAUKE,2020,Minuman Beralkohol,2020,0.0
TIMIKA,2020,Minuman Beralkohol,2020,0.2291666666666666
KOTA JAYAPURA,2020,Minuman Beralkohol,2020,0.0358333333333333
INDONESIA,2020,Minuman Beralkohol,2020,0.0008333333333333
KOTA MEULABOH,2020,Rokok dan Tembakau,2020,0.6166666666666666
KOTA BANDA ACEH,2020,Rokok dan Tembakau,2020,0.4775
KOTA LHOKSEUMAWE,2020,Rokok dan Tembakau,2020,0.6074999999999999
KOTA SIBOLGA,2020,Rokok dan Tembakau,2020,0.0683333333333333
KOTA PEMATANG SIANTAR,2020,Rokok dan Tembakau,2020,0.5608333333333333
KOTA MEDAN,2020,Rokok dan Tembakau,2020,0.4258333333333333
KOTA PADANGSIDIMPUAN,2020,Rokok dan Tembakau,2020,0.5191666666666667
KOTA GUNUNGSITOLI,2020,Rokok dan Tembakau,2020,0.7533333333333334
KOTA PADANG,2020,Rokok dan Tembakau,2020,0.6891666666666666
KOTA BUKITTINGGI,2020,Rokok dan Tembakau,2020,0.6441666666666667
TEMBILAHAN,2020,Rokok dan Tembakau,2020,0.6041666666666666
KOTA PEKANBARU,2020,Rokok dan Tembakau,2020,0.525
KOTA DUMAI,2020,Rokok dan Tembakau,2020,0.4791666666666667
BUNGO,2020,Rokok dan Tembakau,2020,0.4175
KOTA JAMBI,2020,Rokok dan Tembakau,2020,0.8283333333333333
KOTA PALEMBANG,2020,Rokok dan Tembakau,2020,0.5516666666666666
KOTA LUBUKLINGGAU,2020,Rokok dan Tembakau,2020,0.3066666666666666
KOTA BENGKULU,2020,Rokok dan Tembakau,2020,0.345
KOTA BANDAR LAMPUNG,2020,Rokok dan Tembakau,2020,0.4749999999999999
KOTA METRO,2020,Rokok dan Tembakau,2020,0.4683333333333333
TANJUNG PANDAN,2020,Rokok dan Tembakau,2020,0.8583333333333334
KOTA PANGKAL PINANG,2020,Rokok dan Tembakau,2020,0.395
KOTA BATAM,2020,Rokok dan Tembakau,2020,0.7391666666666666
KOTA TANJUNG PINANG,2020,Rokok dan Tembakau,2020,0.4916666666666667
DKI JAKARTA,2020,Rokok dan Tembakau,2020,1.0125
KOTA BOGOR,2020,Rokok dan Tembakau,2020,0.2716666666666666
KOTA SUKABUMI,2020,Rokok dan Tembakau,2020,0.87
KOTA BANDUNG,2020,Rokok dan Tembakau,2020,0.5533333333333333
KOTA CIREBON,2020,Rokok dan Tembakau,2020,0.145
KOTA BEKASI,2020,Rokok dan Tembakau,2020,0.6708333333333334
KOTA DEPOK,2020,Rokok dan Tembakau,2020,0.5133333333333333
KOTA TASIKMALAYA,2020,Rokok dan Tembakau,2020,0.6366666666666667
CILACAP,2020,Rokok dan Tembakau,2020,0.4299999999999999
PURWOKERTO,2020,Rokok dan Tembakau,2020,0.5433333333333333
KUDUS,2020,Rokok dan Tembakau,2020,0.6408333333333333
KOTA SURAKARTA,2020,Rokok dan Tembakau,2020,0.4808333333333333
KOTA SEMARANG,2020,Rokok dan Tembakau,2020,0.355
KOTA TEGAL,2020,Rokok dan Tembakau,2020,0.4041666666666666
KOTA YOGYAKARTA,2020,Rokok dan Tembakau,2020,0.7133333333333334
JEMBER,2020,Rokok dan Tembakau,2020,1.0175
BANYUWANGI,2020,Rokok dan Tembakau,2020,0.4816666666666667
SUMENEP,2020,Rokok dan Tembakau,2020,0.275
KOTA KEDIRI,2020,Rokok dan Tembakau,2020,0.3775
KOTA MALANG,2020,Rokok dan Tembakau,2020,0.8091666666666666
KOTA PROBOLINGGO,2020,Rokok dan Tembakau,2020,0.2225
KOTA MADIUN,2020,Rokok dan Tembakau,2020,0.6208333333333333
KOTA SURABAYA,2020,Rokok dan Tembakau,2020,0.4266666666666667
KOTA TANGERANG,2020,Rokok dan Tembakau,2020,0.2916666666666667
KOTA CILEGON,2020,Rokok dan Tembakau,2020,0.7966666666666667
KOTA SERANG,2020,Rokok dan Tembakau,2020,0.4566666666666666
SINGARAJA,2020,Rokok dan Tembakau,2020,0.595
KOTA DENPASAR,2020,Rokok dan Tembakau,2020,0.2716666666666666
KOTA MATARAM,2020,Rokok dan Tembakau,2020,0.4833333333333333
KOTA BIMA,2020,Rokok dan Tembakau,2020,0.5025000000000001
WAINGAPU,2020,Rokok dan Tembakau,2020,0.2591666666666666
MAUMERE,2020,Rokok dan Tembakau,2020,0.5941666666666666
KOTA KUPANG,2020,Rokok dan Tembakau,2020,0.8200000000000002
SINTANG,2020,Rokok dan Tembakau,2020,0.7008333333333333
KOTA PONTIANAK,2020,Rokok dan Tembakau,2020,0.3408333333333333
KOTA SINGKAWANG,2020,Rokok dan Tembakau,2020,0.4675
SAMPIT,2020,Rokok dan Tembakau,2020,0.6908333333333333
KOTA PALANGKA RAYA,2020,Rokok dan Tembakau,2020,0.5091666666666667
KOTA BARU,2020,Rokok dan Tembakau,2020,0.5383333333333333
TANJUNG,2020,Rokok dan Tembakau,2020,0.665
KOTA BANJARMASIN,2020,Rokok dan Tembakau,2020,0.3791666666666666
KOTA BALIKPAPAN,2020,Rokok dan Tembakau,2020,0.305
KOTA SAMARINDA,2020,Rokok dan Tembakau,2020,0.5216666666666667
TANJUNG SELOR,2020,Rokok dan Tembakau,2020,0.9591666666666664
KOTA TARAKAN,2020,Rokok dan Tembakau,2020,0.4308333333333334
KOTA MANADO,2020,Rokok dan Tembakau,2020,0.1566666666666666
KOTA KOTAMOBAGU,2020,Rokok dan Tembakau,2020,0.6066666666666666
LUWUK,2020,Rokok dan Tembakau,2020,0.6758333333333333
KOTA PALU,2020,Rokok dan Tembakau,2020,0.6433333333333334
BULUKUMBA,2020,Rokok dan Tembakau,2020,0.1408333333333333
WATAMPONE,2020,Rokok dan Tembakau,2020,0.4433333333333333
KOTA MAKASSAR,2020,Rokok dan Tembakau,2020,0.5741666666666666
KOTA PARE-PARE,2020,Rokok dan Tembakau,2020,0.6341666666666667
KOTA PALOPO,2020,Rokok dan Tembakau,2020,0.4141666666666666
KOTA KENDARI,2020,Rokok dan Tembakau,2020,0.7708333333333335
KOTA BUA-BAU,2020,Rokok dan Tembakau,2020,0.9666666666666668
KOTA GORONTALO,2020,Rokok dan Tembakau,2020,0.41
MAMUJU,2020,Rokok dan Tembakau,2020,0.6833333333333335
KOTA AMBON,2020,Rokok dan Tembakau,2020,0.4825000000000001
KOTA TUAL,2020,Rokok dan Tembakau,2020,0.6125
KOTA TERNATE,2020,Rokok dan Tembakau,2020,0.7141666666666665
MANOKWARI,2020,Rokok dan Tembakau,2020,0.4091666666666667
KOTA SORONG,2020,Rokok dan Tembakau,2020,0.5141666666666667
MERAUKE,2020,Rokok dan Tembakau,2020,0.435
TIMIKA,2020,Rokok dan Tembakau,2020,0.7041666666666666
KOTA JAYAPURA,2020,Rokok dan Tembakau,2020,0.2425
INDONESIA,2020,Rokok dan Tembakau,2020,0.6191666666666668
KOTA MEULABOH,2021,"Makanan, Minuman dan Tembakau",2021,0.24
KOTA BANDA ACEH,2021,"Makanan, Minuman dan Tembakau",2021,0.2683333333333333
KOTA LHOKSEUMAWE,2021,"Makanan, Minuman dan Tembakau",2021,0.2841666666666667
KOTA SIBOLGA,2021,"Makanan, Minuman dan Tembakau",2021,0.2741666666666666
KOTA PEMATANG SIANTAR,2021,"Makanan, Minuman dan Tembakau",2021,0.21
KOTA MEDAN,2021,"Makanan, Minuman dan Tembakau",2021,0.1533333333333333
KOTA PADANGSIDIMPUAN,2021,"Makanan, Minuman dan Tembakau",2021,0.2424999999999999
KOTA GUNUNGSITOLI,2021,"Makanan, Minuman dan Tembakau",2021,-0.0683333333333333
KOTA PADANG,2021,"Makanan, Minuman dan Tembakau",2021,0.0516666666666666
KOTA BUKITTINGGI,2021,"Makanan, Minuman dan Tembakau",2021,0.2441666666666666
TEMBILAHAN,2021,"Makanan, Minuman dan Tembakau",2021,-0.0149999999999999
KOTA PEKANBARU,2021,"Makanan, Minuman dan Tembakau",2021,0.0649999999999999
KOTA DUMAI,2021,"Makanan, Minuman dan Tembakau",2021,0.1941666666666666
BUNGO,2021,"Makanan, Minuman dan Tembakau",2021,0.1224999999999999
KOTA JAMBI,2021,"Makanan, Minuman dan Tembakau",2021,0.3025
KOTA PALEMBANG,2021,"Makanan, Minuman dan Tembakau",2021,0.2375
KOTA LUBUKLINGGAU,2021,"Makanan, Minuman dan Tembakau",2021,0.1375
KOTA BENGKULU,2021,"Makanan, Minuman dan Tembakau",2021,0.2241666666666667
KOTA BANDAR LAMPUNG,2021,"Makanan, Minuman dan Tembakau",2021,0.4266666666666666
KOTA METRO,2021,"Makanan, Minuman dan Tembakau",2021,0.3608333333333333
TANJUNG PANDAN,2021,"Makanan, Minuman dan Tembakau",2021,0.5941666666666667
KOTA PANGKAL PINANG,2021,"Makanan, Minuman dan Tembakau",2021,0.6416666666666667
KOTA BATAM,2021,"Makanan, Minuman dan Tembakau",2021,0.3958333333333333
KOTA TANJUNG PINANG,2021,"Makanan, Minuman dan Tembakau",2021,0.075
DKI JAKARTA,2021,"Makanan, Minuman dan Tembakau",2021,0.225
KOTA BOGOR,2021,"Makanan, Minuman dan Tembakau",2021,0.2075
KOTA SUKABUMI,2021,"Makanan, Minuman dan Tembakau",2021,0.3266666666666666
KOTA BANDUNG,2021,"Makanan, Minuman dan Tembakau",2021,0.2874999999999999
KOTA CIREBON,2021,"Makanan, Minuman dan Tembakau",2021,0.245
KOTA BEKASI,2021,"Makanan, Minuman dan Tembakau",2021,0.1891666666666666
KOTA DEPOK,2021,"Makanan, Minuman dan Tembakau",2021,0.215
KOTA TASIKMALAYA,2021,"Makanan, Minuman dan Tembakau",2021,0.1399999999999999
CILACAP,2021,"Makanan, Minuman dan Tembakau",2021,0.2975
PURWOKERTO,2021,"Makanan, Minuman dan Tembakau",2021,0.3141666666666666
KUDUS,2021,"Makanan, Minuman dan Tembakau",2021,0.0516666666666666
KOTA SURAKARTA,2021,"Makanan, Minuman dan Tembakau",2021,0.2675
KOTA SEMARANG,2021,"Makanan, Minuman dan Tembakau",2021,0.1466666666666667
KOTA TEGAL,2021,"Makanan, Minuman dan Tembakau",2021,0.1783333333333333
KOTA YOGYAKARTA,2021,"Makanan, Minuman dan Tembakau",2021,0.3383333333333333
JEMBER,2021,"Makanan, Minuman dan Tembakau",2021,0.305
BANYUWANGI,2021,"Makanan, Minuman dan Tembakau",2021,0.1783333333333333
SUMENEP,2021,"Makanan, Minuman dan Tembakau",2021,0.2991666666666666
KOTA KEDIRI,2021,"Makanan, Minuman dan Tembakau",2021,0.2841666666666667
KOTA MALANG,2021,"Makanan, Minuman dan Tembakau",2021,0.2466666666666666
KOTA PROBOLINGGO,2021,"Makanan, Minuman dan Tembakau",2021,0.1925
KOTA MADIUN,2021,"Makanan, Minuman dan Tembakau",2021,0.3899999999999999
KOTA SURABAYA,2021,"Makanan, Minuman dan Tembakau",2021,0.3174999999999999
KOTA TANGERANG,2021,"Makanan, Minuman dan Tembakau",2021,0.3108333333333333
KOTA CILEGON,2021,"Makanan, Minuman dan Tembakau",2021,0.3083333333333333
KOTA SERANG,2021,"Makanan, Minuman dan Tembakau",2021,0.2624999999999999
SINGARAJA,2021,"Makanan, Minuman dan Tembakau",2021,0.1366666666666666
KOTA DENPASAR,2021,"Makanan, Minuman dan Tembakau",2021,0.3333333333333332
KOTA MATARAM,2021,"Makanan, Minuman dan Tembakau",2021,0.2766666666666666
KOTA BIMA,2021,"Makanan, Minuman dan Tembakau",2021,0.2241666666666666
WAINGAPU,2021,"Makanan, Minuman dan Tembakau",2021,0.1124999999999999
MAUMERE,2021,"Makanan, Minuman dan Tembakau",2021,0.0066666666666666
KOTA KUPANG,2021,"Makanan, Minuman dan Tembakau",2021,0.1825
SINTANG,2021,"Makanan, Minuman dan Tembakau",2021,0.3891666666666666
KOTA PONTIANAK,2021,"Makanan, Minuman dan Tembakau",2021,0.0658333333333333
KOTA SINGKAWANG,2021,"Makanan, Minuman dan Tembakau",2021,0.4049999999999999
SAMPIT,2021,"Makanan, Minuman dan Tembakau",2021,0.3424999999999999
KOTA PALANGKA RAYA,2021,"Makanan, Minuman dan Tembakau",2021,0.4433333333333333
KOTA BARU,2021,"Makanan, Minuman dan Tembakau",2021,0.3866666666666667
TANJUNG,2021,"Makanan, Minuman dan Tembakau",2021,0.3108333333333333
KOTA BANJARMASIN,2021,"Makanan, Minuman dan Tembakau",2021,0.365
KOTA BALIKPAPAN,2021,"Makanan, Minuman dan Tembakau",2021,0.3283333333333333
KOTA SAMARINDA,2021,"Makanan, Minuman dan Tembakau",2021,0.4175
TANJUNG SELOR,2021,"Makanan, Minuman dan Tembakau",2021,0.5241666666666668
KOTA TARAKAN,2021,"Makanan, Minuman dan Tembakau",2021,0.4633333333333334
KOTA MANADO,2021,"Makanan, Minuman dan Tembakau",2021,0.6208333333333335
KOTA KOTAMOBAGU,2021,"Makanan, Minuman dan Tembakau",2021,0.3166666666666666
LUWUK,2021,"Makanan, Minuman dan Tembakau",2021,0.2225
KOTA PALU,2021,"Makanan, Minuman dan Tembakau",2021,0.2183333333333333
BULUKUMBA,2021,"Makanan, Minuman dan Tembakau",2021,0.2875
WATAMPONE,2021,"Makanan, Minuman dan Tembakau",2021,0.3166666666666666
KOTA MAKASSAR,2021,"Makanan, Minuman dan Tembakau",2021,0.3291666666666666
KOTA PARE-PARE,2021,"Makanan, Minuman dan Tembakau",2021,0.6108333333333333
KOTA PALOPO,2021,"Makanan, Minuman dan Tembakau",2021,0.4941666666666666
KOTA KENDARI,2021,"Makanan, Minuman dan Tembakau",2021,0.5125
KOTA BUA-BAU,2021,"Makanan, Minuman dan Tembakau",2021,0.0516666666666666
KOTA GORONTALO,2021,"Makanan, Minuman dan Tembakau",2021,0.4291666666666667
MAMUJU,2021,"Makanan, Minuman dan Tembakau",2021,0.6608333333333332
KOTA AMBON,2021,"Makanan, Minuman dan Tembakau",2021,0.3916666666666666
KOTA TUAL,2021,"Makanan, Minuman dan Tembakau",2021,0.7033333333333335
KOTA TERNATE,2021,"Makanan, Minuman dan Tembakau",2021,0.5266666666666667
MANOKWARI,2021,"Makanan, Minuman dan Tembakau",2021,0.2883333333333334
KOTA SORONG,2021,"Makanan, Minuman dan Tembakau",2021,0.7116666666666666
MERAUKE,2021,"Makanan, Minuman dan Tembakau",2021,0.1399999999999999
TIMIKA,2021,"Makanan, Minuman dan Tembakau",2021,0.1325
KOTA JAYAPURA,2021,"Makanan, Minuman dan Tembakau",2021,0.1766666666666666
INDONESIA,2021,"Makanan, Minuman dan Tembakau",2021,0.255
KOTA MEULABOH,2021,Makanan,2021,0.255
KOTA BANDA ACEH,2021,Makanan,2021,0.3058333333333333
KOTA LHOKSEUMAWE,2021,Makanan,2021,0.3649999999999999
KOTA SIBOLGA,2021,Makanan,2021,0.2991666666666666
KOTA PEMATANG SIANTAR,2021,Makanan,2021,0.1733333333333333
KOTA MEDAN,2021,Makanan,2021,0.1366666666666667
KOTA PADANGSIDIMPUAN,2021,Makanan,2021,0.2441666666666666
KOTA GUNUNGSITOLI,2021,Makanan,2021,-0.0866666666666666
KOTA PADANG,2021,Makanan,2021,-0.0133333333333333
KOTA BUKITTINGGI,2021,Makanan,2021,0.1425
TEMBILAHAN,2021,Makanan,2021,-0.0783333333333333
KOTA PEKANBARU,2021,Makanan,2021,0.0291666666666666
KOTA DUMAI,2021,Makanan,2021,0.1908333333333333
BUNGO,2021,Makanan,2021,-0.0366666666666666
KOTA JAMBI,2021,Makanan,2021,0.285
KOTA PALEMBANG,2021,Makanan,2021,0.2249999999999999
KOTA LUBUKLINGGAU,2021,Makanan,2021,0.1191666666666666
KOTA BENGKULU,2021,Makanan,2021,0.1725
KOTA BANDAR LAMPUNG,2021,Makanan,2021,0.4216666666666666
KOTA METRO,2021,Makanan,2021,0.3458333333333332
TANJUNG PANDAN,2021,Makanan,2021,0.7066666666666667
KOTA PANGKAL PINANG,2021,Makanan,2021,0.7266666666666666
KOTA BATAM,2021,Makanan,2021,0.3833333333333333
KOTA TANJUNG PINANG,2021,Makanan,2021,0.0316666666666666
DKI JAKARTA,2021,Makanan,2021,0.2066666666666666
KOTA BOGOR,2021,Makanan,2021,0.1516666666666667
KOTA SUKABUMI,2021,Makanan,2021,0.3283333333333333
KOTA BANDUNG,2021,Makanan,2021,0.2816666666666667
KOTA CIREBON,2021,Makanan,2021,0.2141666666666666
KOTA BEKASI,2021,Makanan,2021,0.1783333333333333
KOTA DEPOK,2021,Makanan,2021,0.2533333333333333
KOTA TASIKMALAYA,2021,Makanan,2021,0.1325
CILACAP,2021,Makanan,2021,0.29
PURWOKERTO,2021,Makanan,2021,0.2841666666666666
KUDUS,2021,Makanan,2021,-0.0075
KOTA SURAKARTA,2021,Makanan,2021,0.2733333333333334
KOTA SEMARANG,2021,Makanan,2021,0.1166666666666666
KOTA TEGAL,2021,Makanan,2021,0.1175
KOTA YOGYAKARTA,2021,Makanan,2021,0.3633333333333333
JEMBER,2021,Makanan,2021,0.2833333333333334
BANYUWANGI,2021,Makanan,2021,0.1608333333333333
SUMENEP,2021,Makanan,2021,0.2766666666666666
KOTA KEDIRI,2021,Makanan,2021,0.2858333333333333
KOTA MALANG,2021,Makanan,2021,0.2199999999999999
KOTA PROBOLINGGO,2021,Makanan,2021,0.1975
KOTA MADIUN,2021,Makanan,2021,0.3975
KOTA SURABAYA,2021,Makanan,2021,0.3166666666666667
KOTA TANGERANG,2021,Makanan,2021,0.3508333333333333
KOTA CILEGON,2021,Makanan,2021,0.2975
KOTA SERANG,2021,Makanan,2021,0.2608333333333333
SINGARAJA,2021,Makanan,2021,0.1066666666666666
KOTA DENPASAR,2021,Makanan,2021,0.3683333333333332
KOTA MATARAM,2021,Makanan,2021,0.2624999999999999
KOTA BIMA,2021,Makanan,2021,0.2141666666666666
WAINGAPU,2021,Makanan,2021,0.125
MAUMERE,2021,Makanan,2021,-0.0483333333333333
KOTA KUPANG,2021,Makanan,2021,0.1674999999999999
SINTANG,2021,Makanan,2021,0.4158333333333333
KOTA PONTIANAK,2021,Makanan,2021,0.0199999999999999
KOTA SINGKAWANG,2021,Makanan,2021,0.4433333333333333
SAMPIT,2021,Makanan,2021,0.3566666666666667
KOTA PALANGKA RAYA,2021,Makanan,2021,0.4408333333333332
KOTA BARU,2021,Makanan,2021,0.4108333333333332
TANJUNG,2021,Makanan,2021,0.3041666666666667
KOTA BANJARMASIN,2021,Makanan,2021,0.3991666666666666
KOTA BALIKPAPAN,2021,Makanan,2021,0.3483333333333334
KOTA SAMARINDA,2021,Makanan,2021,0.4608333333333332
TANJUNG SELOR,2021,Makanan,2021,0.6216666666666666
KOTA TARAKAN,2021,Makanan,2021,0.5425
KOTA MANADO,2021,Makanan,2021,0.7116666666666666
KOTA KOTAMOBAGU,2021,Makanan,2021,0.3633333333333333
LUWUK,2021,Makanan,2021,0.1683333333333333
KOTA PALU,2021,Makanan,2021,0.2366666666666666
BULUKUMBA,2021,Makanan,2021,0.3025
WATAMPONE,2021,Makanan,2021,0.3349999999999999
KOTA MAKASSAR,2021,Makanan,2021,0.3866666666666667
KOTA PARE-PARE,2021,Makanan,2021,0.6983333333333333
KOTA PALOPO,2021,Makanan,2021,0.5916666666666667
KOTA KENDARI,2021,Makanan,2021,0.6241666666666666
KOTA BUA-BAU,2021,Makanan,2021,0.0349999999999999
KOTA GORONTALO,2021,Makanan,2021,0.505
MAMUJU,2021,Makanan,2021,0.7466666666666665
KOTA AMBON,2021,Makanan,2021,0.4783333333333333
KOTA TUAL,2021,Makanan,2021,0.7949999999999999
KOTA TERNATE,2021,Makanan,2021,0.6016666666666667
MANOKWARI,2021,Makanan,2021,0.2958333333333333
KOTA SORONG,2021,Makanan,2021,0.8416666666666667
MERAUKE,2021,Makanan,2021,0.0516666666666666
TIMIKA,2021,Makanan,2021,0.1383333333333333
KOTA JAYAPURA,2021,Makanan,2021,0.1733333333333333
INDONESIA,2021,Makanan,2021,0.2533333333333333
KOTA MEULABOH,2021,Minuman yang Tidak Beralkohol,2021,-0.0041666666666666
KOTA BANDA ACEH,2021,Minuman yang Tidak Beralkohol,2021,-0.04
KOTA LHOKSEUMAWE,2021,Minuman yang Tidak Beralkohol,2021,-0.1325
KOTA SIBOLGA,2021,Minuman yang Tidak Beralkohol,2021,0.0683333333333333
KOTA PEMATANG SIANTAR,2021,Minuman yang Tidak Beralkohol,2021,0.0783333333333333
KOTA MEDAN,2021,Minuman yang Tidak Beralkohol,2021,0.0883333333333333
KOTA PADANGSIDIMPUAN,2021,Minuman yang Tidak Beralkohol,2021,0.0991666666666666
KOTA GUNUNGSITOLI,2021,Minuman yang Tidak Beralkohol,2021,-0.08
KOTA PADANG,2021,Minuman yang Tidak Beralkohol,2021,0.3216666666666666
KOTA BUKITTINGGI,2021,Minuman yang Tidak Beralkohol,2021,0.3683333333333333
TEMBILAHAN,2021,Minuman yang Tidak Beralkohol,2021,0.2591666666666667
KOTA PEKANBARU,2021,Minuman yang Tidak Beralkohol,2021,0.11
KOTA DUMAI,2021,Minuman yang Tidak Beralkohol,2021,0.1575
BUNGO,2021,Minuman yang Tidak Beralkohol,2021,0.63
KOTA JAMBI,2021,Minuman yang Tidak Beralkohol,2021,0.0841666666666666
KOTA PALEMBANG,2021,Minuman yang Tidak Beralkohol,2021,0.0925
KOTA LUBUKLINGGAU,2021,Minuman yang Tidak Beralkohol,2021,0.0083333333333333
KOTA BENGKULU,2021,Minuman yang Tidak Beralkohol,2021,0.1116666666666666
KOTA BANDAR LAMPUNG,2021,Minuman yang Tidak Beralkohol,2021,0.0449999999999999
KOTA METRO,2021,Minuman yang Tidak Beralkohol,2021,0.31
TANJUNG PANDAN,2021,Minuman yang Tidak Beralkohol,2021,-0.0974999999999999
KOTA PANGKAL PINANG,2021,Minuman yang Tidak Beralkohol,2021,0.0408333333333333
KOTA BATAM,2021,Minuman yang Tidak Beralkohol,2021,0.0208333333333333
KOTA TANJUNG PINANG,2021,Minuman yang Tidak Beralkohol,2021,0.0616666666666666
DKI JAKARTA,2021,Minuman yang Tidak Beralkohol,2021,0.235
KOTA BOGOR,2021,Minuman yang Tidak Beralkohol,2021,0.0166666666666666
KOTA SUKABUMI,2021,Minuman yang Tidak Beralkohol,2021,0.12
KOTA BANDUNG,2021,Minuman yang Tidak Beralkohol,2021,0.2708333333333334
KOTA CIREBON,2021,Minuman yang Tidak Beralkohol,2021,0.2883333333333333
KOTA BEKASI,2021,Minuman yang Tidak Beralkohol,2021,0.1558333333333333
KOTA DEPOK,2021,Minuman yang Tidak Beralkohol,2021,0.0575
KOTA TASIKMALAYA,2021,Minuman yang Tidak Beralkohol,2021,0.085
CILACAP,2021,Minuman yang Tidak Beralkohol,2021,0.1675
PURWOKERTO,2021,Minuman yang Tidak Beralkohol,2021,0.1508333333333333
KUDUS,2021,Minuman yang Tidak Beralkohol,2021,0.1566666666666666
KOTA SURAKARTA,2021,Minuman yang Tidak Beralkohol,2021,0.0324999999999999
KOTA SEMARANG,2021,Minuman yang Tidak Beralkohol,2021,0.1241666666666666
KOTA TEGAL,2021,Minuman yang Tidak Beralkohol,2021,0.1575
KOTA YOGYAKARTA,2021,Minuman yang Tidak Beralkohol,2021,0.2041666666666667
JEMBER,2021,Minuman yang Tidak Beralkohol,2021,0.3208333333333333
BANYUWANGI,2021,Minuman yang Tidak Beralkohol,2021,0.0683333333333333
SUMENEP,2021,Minuman yang Tidak Beralkohol,2021,0.13
KOTA KEDIRI,2021,Minuman yang Tidak Beralkohol,2021,0.2108333333333333
KOTA MALANG,2021,Minuman yang Tidak Beralkohol,2021,0.1483333333333333
KOTA PROBOLINGGO,2021,Minuman yang Tidak Beralkohol,2021,0.2141666666666666
KOTA MADIUN,2021,Minuman yang Tidak Beralkohol,2021,0.1075
KOTA SURABAYA,2021,Minuman yang Tidak Beralkohol,2021,0.2258333333333333
KOTA TANGERANG,2021,Minuman yang Tidak Beralkohol,2021,-0.1299999999999999
KOTA CILEGON,2021,Minuman yang Tidak Beralkohol,2021,0.0608333333333333
KOTA SERANG,2021,Minuman yang Tidak Beralkohol,2021,0.0791666666666666
SINGARAJA,2021,Minuman yang Tidak Beralkohol,2021,0.1808333333333333
KOTA DENPASAR,2021,Minuman yang Tidak Beralkohol,2021,0.0708333333333333
KOTA MATARAM,2021,Minuman yang Tidak Beralkohol,2021,0.1158333333333333
KOTA BIMA,2021,Minuman yang Tidak Beralkohol,2021,0.135
WAINGAPU,2021,Minuman yang Tidak Beralkohol,2021,-0.0974999999999999
MAUMERE,2021,Minuman yang Tidak Beralkohol,2021,0.0283333333333333
KOTA KUPANG,2021,Minuman yang Tidak Beralkohol,2021,-0.0641666666666666
SINTANG,2021,Minuman yang Tidak Beralkohol,2021,-0.2575
KOTA PONTIANAK,2021,Minuman yang Tidak Beralkohol,2021,0.29
KOTA SINGKAWANG,2021,Minuman yang Tidak Beralkohol,2021,0.14
SAMPIT,2021,Minuman yang Tidak Beralkohol,2021,0.1975
KOTA PALANGKA RAYA,2021,Minuman yang Tidak Beralkohol,2021,0.1725
KOTA BARU,2021,Minuman yang Tidak Beralkohol,2021,0.0091666666666666
TANJUNG,2021,Minuman yang Tidak Beralkohol,2021,0.2433333333333333
KOTA BANJARMASIN,2021,Minuman yang Tidak Beralkohol,2021,0.2775
KOTA BALIKPAPAN,2021,Minuman yang Tidak Beralkohol,2021,-0.0083333333333333
KOTA SAMARINDA,2021,Minuman yang Tidak Beralkohol,2021,0.1275
TANJUNG SELOR,2021,Minuman yang Tidak Beralkohol,2021,-0.0158333333333333
KOTA TARAKAN,2021,Minuman yang Tidak Beralkohol,2021,0.0241666666666666
KOTA MANADO,2021,Minuman yang Tidak Beralkohol,2021,-0.0283333333333333
KOTA KOTAMOBAGU,2021,Minuman yang Tidak Beralkohol,2021,-0.1466666666666666
LUWUK,2021,Minuman yang Tidak Beralkohol,2021,0.085
KOTA PALU,2021,Minuman yang Tidak Beralkohol,2021,0.0341666666666666
BULUKUMBA,2021,Minuman yang Tidak Beralkohol,2021,0.0941666666666666
WATAMPONE,2021,Minuman yang Tidak Beralkohol,2021,0.0816666666666666
KOTA MAKASSAR,2021,Minuman yang Tidak Beralkohol,2021,0.0341666666666666
KOTA PARE-PARE,2021,Minuman yang Tidak Beralkohol,2021,0.4008333333333334
KOTA PALOPO,2021,Minuman yang Tidak Beralkohol,2021,0.0
KOTA KENDARI,2021,Minuman yang Tidak Beralkohol,2021,-0.0316666666666666
KOTA BUA-BAU,2021,Minuman yang Tidak Beralkohol,2021,-0.17
KOTA GORONTALO,2021,Minuman yang Tidak Beralkohol,2021,0.1241666666666666
MAMUJU,2021,Minuman yang Tidak Beralkohol,2021,0.0583333333333333
KOTA AMBON,2021,Minuman yang Tidak Beralkohol,2021,-0.1383333333333333
KOTA TUAL,2021,Minuman yang Tidak Beralkohol,2021,0.0624999999999999
KOTA TERNATE,2021,Minuman yang Tidak Beralkohol,2021,-0.0933333333333333
MANOKWARI,2021,Minuman yang Tidak Beralkohol,2021,0.105
KOTA SORONG,2021,Minuman yang Tidak Beralkohol,2021,0.0525
MERAUKE,2021,Minuman yang Tidak Beralkohol,2021,-0.0541666666666666
TIMIKA,2021,Minuman yang Tidak Beralkohol,2021,-0.0091666666666666
KOTA JAYAPURA,2021,Minuman yang Tidak Beralkohol,2021,0.1374999999999999
INDONESIA,2021,Minuman yang Tidak Beralkohol,2021,0.1375
KOTA SIBOLGA,2021,Minuman Beralkohol,2021,0.0
KOTA PEMATANG SIANTAR,2021,Minuman Beralkohol,2021,0.0
KOTA GUNUNGSITOLI,2021,Minuman Beralkohol,2021,0.0
KOTA BATAM,2021,Minuman Beralkohol,2021,0.2099999999999999
KOTA TANJUNG PINANG,2021,Minuman Beralkohol,2021,-0.2933333333333334
SINGARAJA,2021,Minuman Beralkohol,2021,0.0766666666666666
KOTA DENPASAR,2021,Minuman Beralkohol,2021,0.2825
WAINGAPU,2021,Minuman Beralkohol,2021,0.0
MAUMERE,2021,Minuman Beralkohol,2021,0.0033333333333333
KOTA KUPANG,2021,Minuman Beralkohol,2021,0.1399999999999999
KOTA MANADO,2021,Minuman Beralkohol,2021,-0.3625
KOTA KOTAMOBAGU,2021,Minuman Beralkohol,2021,-0.1533333333333333
KOTA AMBON,2021,Minuman Beralkohol,2021,0.2891666666666666
KOTA TUAL,2021,Minuman Beralkohol,2021,0.41
KOTA SORONG,2021,Minuman Beralkohol,2021,0.2108333333333333
MERAUKE,2021,Minuman Beralkohol,2021,0.4091666666666667
TIMIKA,2021,Minuman Beralkohol,2021,0.1616666666666666
KOTA JAYAPURA,2021,Minuman Beralkohol,2021,0.0
INDONESIA,2021,Minuman Beralkohol,2021,0.0991666666666666
KOTA MEULABOH,2021,Rokok dan Tembakau,2021,0.3083333333333333
KOTA BANDA ACEH,2021,Rokok dan Tembakau,2021,0.2508333333333333
KOTA LHOKSEUMAWE,2021,Rokok dan Tembakau,2021,0.0841666666666666
KOTA SIBOLGA,2021,Rokok dan Tembakau,2021,0.2166666666666666
KOTA PEMATANG SIANTAR,2021,Rokok dan Tembakau,2021,0.4516666666666666
KOTA MEDAN,2021,Rokok dan Tembakau,2021,0.3183333333333333
KOTA PADANGSIDIMPUAN,2021,Rokok dan Tembakau,2021,0.2916666666666667
KOTA GUNUNGSITOLI,2021,Rokok dan Tembakau,2021,0.1608333333333333
KOTA PADANG,2021,Rokok dan Tembakau,2021,0.3191666666666666
KOTA BUKITTINGGI,2021,Rokok dan Tembakau,2021,0.6383333333333335
TEMBILAHAN,2021,Rokok dan Tembakau,2021,0.2916666666666667
KOTA PEKANBARU,2021,Rokok dan Tembakau,2021,0.2441666666666666
KOTA DUMAI,2021,Rokok dan Tembakau,2021,0.2333333333333333
BUNGO,2021,Rokok dan Tembakau,2021,0.5941666666666666
KOTA JAMBI,2021,Rokok dan Tembakau,2021,0.4966666666666667
KOTA PALEMBANG,2021,Rokok dan Tembakau,2021,0.4508333333333333
KOTA LUBUKLINGGAU,2021,Rokok dan Tembakau,2021,0.3641666666666667
KOTA BENGKULU,2021,Rokok dan Tembakau,2021,0.4566666666666667
KOTA BANDAR LAMPUNG,2021,Rokok dan Tembakau,2021,0.6091666666666667
KOTA METRO,2021,Rokok dan Tembakau,2021,0.4691666666666667
TANJUNG PANDAN,2021,Rokok dan Tembakau,2021,0.1433333333333333
KOTA PANGKAL PINANG,2021,Rokok dan Tembakau,2021,0.3975
KOTA BATAM,2021,Rokok dan Tembakau,2021,0.7133333333333334
KOTA TANJUNG PINANG,2021,Rokok dan Tembakau,2021,0.3966666666666665
DKI JAKARTA,2021,Rokok dan Tembakau,2021,0.3575
KOTA BOGOR,2021,Rokok dan Tembakau,2021,0.7408333333333332
KOTA SUKABUMI,2021,Rokok dan Tembakau,2021,0.4391666666666666
KOTA BANDUNG,2021,Rokok dan Tembakau,2021,0.3191666666666667
KOTA CIREBON,2021,Rokok dan Tembakau,2021,0.3833333333333333
KOTA BEKASI,2021,Rokok dan Tembakau,2021,0.3799999999999999
KOTA DEPOK,2021,Rokok dan Tembakau,2021,0.1308333333333333
KOTA TASIKMALAYA,2021,Rokok dan Tembakau,2021,0.2216666666666666
CILACAP,2021,Rokok dan Tembakau,2021,0.4158333333333333
PURWOKERTO,2021,Rokok dan Tembakau,2021,0.5216666666666667
KUDUS,2021,Rokok dan Tembakau,2021,0.3175
KOTA SURAKARTA,2021,Rokok dan Tembakau,2021,0.455
KOTA SEMARANG,2021,Rokok dan Tembakau,2021,0.465
KOTA TEGAL,2021,Rokok dan Tembakau,2021,0.505
KOTA YOGYAKARTA,2021,Rokok dan Tembakau,2021,0.2749999999999999
JEMBER,2021,Rokok dan Tembakau,2021,0.4058333333333334
BANYUWANGI,2021,Rokok dan Tembakau,2021,0.3208333333333333
SUMENEP,2021,Rokok dan Tembakau,2021,0.5658333333333334
KOTA KEDIRI,2021,Rokok dan Tembakau,2021,0.3316666666666667
KOTA MALANG,2021,Rokok dan Tembakau,2021,0.5433333333333333
KOTA PROBOLINGGO,2021,Rokok dan Tembakau,2021,0.145
KOTA MADIUN,2021,Rokok dan Tembakau,2021,0.6241666666666665
KOTA SURABAYA,2021,Rokok dan Tembakau,2021,0.4883333333333333
KOTA TANGERANG,2021,Rokok dan Tembakau,2021,0.48
KOTA CILEGON,2021,Rokok dan Tembakau,2021,0.4991666666666667
KOTA SERANG,2021,Rokok dan Tembakau,2021,0.4325
SINGARAJA,2021,Rokok dan Tembakau,2021,0.2775
KOTA DENPASAR,2021,Rokok dan Tembakau,2021,0.45
KOTA MATARAM,2021,Rokok dan Tembakau,2021,0.5549999999999998
KOTA BIMA,2021,Rokok dan Tembakau,2021,0.3275
WAINGAPU,2021,Rokok dan Tembakau,2021,0.1374999999999999
MAUMERE,2021,Rokok dan Tembakau,2021,0.5266666666666665
KOTA KUPANG,2021,Rokok dan Tembakau,2021,0.4491666666666666
SINTANG,2021,Rokok dan Tembakau,2021,0.5983333333333333
KOTA PONTIANAK,2021,Rokok dan Tembakau,2021,0.3291666666666666
KOTA SINGKAWANG,2021,Rokok dan Tembakau,2021,0.2558333333333333
SAMPIT,2021,Rokok dan Tembakau,2021,0.3141666666666666
KOTA PALANGKA RAYA,2021,Rokok dan Tembakau,2021,0.6799999999999998
KOTA BARU,2021,Rokok dan Tembakau,2021,0.3816666666666666
TANJUNG,2021,Rokok dan Tembakau,2021,0.385
KOTA BANJARMASIN,2021,Rokok dan Tembakau,2021,0.1491666666666666
KOTA BALIKPAPAN,2021,Rokok dan Tembakau,2021,0.4591666666666666
KOTA SAMARINDA,2021,Rokok dan Tembakau,2021,0.2675
TANJUNG SELOR,2021,Rokok dan Tembakau,2021,0.12
KOTA TARAKAN,2021,Rokok dan Tembakau,2021,0.1925
KOTA MANADO,2021,Rokok dan Tembakau,2021,0.7116666666666668
KOTA KOTAMOBAGU,2021,Rokok dan Tembakau,2021,0.2816666666666667
LUWUK,2021,Rokok dan Tembakau,2021,0.5933333333333334
KOTA PALU,2021,Rokok dan Tembakau,2021,0.2683333333333333
BULUKUMBA,2021,Rokok dan Tembakau,2021,0.31
WATAMPONE,2021,Rokok dan Tembakau,2021,0.3425
KOTA MAKASSAR,2021,Rokok dan Tembakau,2021,0.1133333333333333
KOTA PARE-PARE,2021,Rokok dan Tembakau,2021,0.325
KOTA PALOPO,2021,Rokok dan Tembakau,2021,0.0483333333333333
KOTA KENDARI,2021,Rokok dan Tembakau,2021,0.1408333333333333
KOTA BUA-BAU,2021,Rokok dan Tembakau,2021,0.2908333333333333
KOTA GORONTALO,2021,Rokok dan Tembakau,2021,0.2258333333333333
MAMUJU,2021,Rokok dan Tembakau,2021,0.4666666666666666
KOTA AMBON,2021,Rokok dan Tembakau,2021,0.1925
KOTA TUAL,2021,Rokok dan Tembakau,2021,0.3916666666666666
KOTA TERNATE,2021,Rokok dan Tembakau,2021,0.4425
MANOKWARI,2021,Rokok dan Tembakau,2021,0.3841666666666666
KOTA SORONG,2021,Rokok dan Tembakau,2021,0.1975
MERAUKE,2021,Rokok dan Tembakau,2021,0.8450000000000001
TIMIKA,2021,Rokok dan Tembakau,2021,0.1625
KOTA JAYAPURA,2021,Rokok dan Tembakau,2021,0.2916666666666667
INDONESIA,2021,Rokok dan Tembakau,2021,0.3741666666666667
KOTA MEULABOH,2022,"Makanan, Minuman dan Tembakau",2022,0.5425
KOTA BANDA ACEH,2022,"Makanan, Minuman dan Tembakau",2022,0.3216666666666667
KOTA LHOKSEUMAWE,2022,"Makanan, Minuman dan Tembakau",2022,0.4408333333333332
KOTA SIBOLGA,2022,"Makanan, Minuman dan Tembakau",2022,0.5358333333333333
KOTA PEMATANG SIANTAR,2022,"Makanan, Minuman dan Tembakau",2022,0.5983333333333333
KOTA MEDAN,2022,"Makanan, Minuman dan Tembakau",2022,0.6266666666666667
KOTA PADANGSIDIMPUAN,2022,"Makanan, Minuman dan Tembakau",2022,0.505
KOTA GUNUNGSITOLI,2022,"Makanan, Minuman dan Tembakau",2022,0.4166666666666668
KOTA PADANG,2022,"Makanan, Minuman dan Tembakau",2022,0.7616666666666667
KOTA BUKITTINGGI,2022,"Makanan, Minuman dan Tembakau",2022,0.8183333333333334
TEMBILAHAN,2022,"Makanan, Minuman dan Tembakau",2022,0.5666666666666665
KOTA PEKANBARU,2022,"Makanan, Minuman dan Tembakau",2022,0.7975
KOTA DUMAI,2022,"Makanan, Minuman dan Tembakau",2022,0.6533333333333333
BUNGO,2022,"Makanan, Minuman dan Tembakau",2022,0.6175000000000002
KOTA JAMBI,2022,"Makanan, Minuman dan Tembakau",2022,0.5183333333333332
KOTA PALEMBANG,2022,"Makanan, Minuman dan Tembakau",2022,0.5816666666666666
KOTA LUBUKLINGGAU,2022,"Makanan, Minuman dan Tembakau",2022,0.5883333333333335
KOTA BENGKULU,2022,"Makanan, Minuman dan Tembakau",2022,0.5666666666666668
KOTA BANDAR LAMPUNG,2022,"Makanan, Minuman dan Tembakau",2022,0.4000000000000001
KOTA METRO,2022,"Makanan, Minuman dan Tembakau",2022,0.5775
TANJUNG PANDAN,2022,"Makanan, Minuman dan Tembakau",2022,-0.0266666666666666
KOTA PANGKAL PINANG,2022,"Makanan, Minuman dan Tembakau",2022,0.4166666666666667
KOTA BATAM,2022,"Makanan, Minuman dan Tembakau",2022,0.625
KOTA TANJUNG PINANG,2022,"Makanan, Minuman dan Tembakau",2022,0.4816666666666666
DKI JAKARTA,2022,"Makanan, Minuman dan Tembakau",2022,0.3066666666666667
KOTA BOGOR,2022,"Makanan, Minuman dan Tembakau",2022,0.4725
KOTA SUKABUMI,2022,"Makanan, Minuman dan Tembakau",2022,0.3708333333333333
KOTA BANDUNG,2022,"Makanan, Minuman dan Tembakau",2022,0.51
KOTA CIREBON,2022,"Makanan, Minuman dan Tembakau",2022,0.33
KOTA BEKASI,2022,"Makanan, Minuman dan Tembakau",2022,0.5874999999999999
KOTA DEPOK,2022,"Makanan, Minuman dan Tembakau",2022,0.6049999999999999
KOTA TASIKMALAYA,2022,"Makanan, Minuman dan Tembakau",2022,0.7141666666666667
CILACAP,2022,"Makanan, Minuman dan Tembakau",2022,0.6766666666666666
PURWOKERTO,2022,"Makanan, Minuman dan Tembakau",2022,0.595
KUDUS,2022,"Makanan, Minuman dan Tembakau",2022,0.58
KOTA SURAKARTA,2022,"Makanan, Minuman dan Tembakau",2022,0.5258333333333334
KOTA SEMARANG,2022,"Makanan, Minuman dan Tembakau",2022,0.4908333333333333
KOTA TEGAL,2022,"Makanan, Minuman dan Tembakau",2022,0.7258333333333332
KOTA YOGYAKARTA,2022,"Makanan, Minuman dan Tembakau",2022,0.5608333333333332
JEMBER,2022,"Makanan, Minuman dan Tembakau",2022,0.6725
BANYUWANGI,2022,"Makanan, Minuman dan Tembakau",2022,0.7233333333333333
SUMENEP,2022,"Makanan, Minuman dan Tembakau",2022,0.6333333333333333
KOTA KEDIRI,2022,"Makanan, Minuman dan Tembakau",2022,0.4358333333333333
KOTA MALANG,2022,"Makanan, Minuman dan Tembakau",2022,0.5533333333333333
KOTA PROBOLINGGO,2022,"Makanan, Minuman dan Tembakau",2022,0.5641666666666667
KOTA MADIUN,2022,"Makanan, Minuman dan Tembakau",2022,0.5291666666666667
KOTA SURABAYA,2022,"Makanan, Minuman dan Tembakau",2022,0.5625
KOTA TANGERANG,2022,"Makanan, Minuman dan Tembakau",2022,0.3725
KOTA CILEGON,2022,"Makanan, Minuman dan Tembakau",2022,0.4950000000000001
KOTA SERANG,2022,"Makanan, Minuman dan Tembakau",2022,0.5558333333333334
SINGARAJA,2022,"Makanan, Minuman dan Tembakau",2022,0.5366666666666667
KOTA DENPASAR,2022,"Makanan, Minuman dan Tembakau",2022,0.5550000000000002
KOTA MATARAM,2022,"Makanan, Minuman dan Tembakau",2022,0.5933333333333333
KOTA BIMA,2022,"Makanan, Minuman dan Tembakau",2022,0.3741666666666667
WAINGAPU,2022,"Makanan, Minuman dan Tembakau",2022,-0.1975
MAUMERE,2022,"Makanan, Minuman dan Tembakau",2022,0.5183333333333332
KOTA KUPANG,2022,"Makanan, Minuman dan Tembakau",2022,0.7583333333333333
SINTANG,2022,"Makanan, Minuman dan Tembakau",2022,0.6416666666666666
KOTA PONTIANAK,2022,"Makanan, Minuman dan Tembakau",2022,0.4458333333333333
KOTA SINGKAWANG,2022,"Makanan, Minuman dan Tembakau",2022,0.5575
SAMPIT,2022,"Makanan, Minuman dan Tembakau",2022,0.5266666666666667
KOTA PALANGKA RAYA,2022,"Makanan, Minuman dan Tembakau",2022,0.6266666666666666
KOTA BARU,2022,"Makanan, Minuman dan Tembakau",2022,0.6416666666666667
TANJUNG,2022,"Makanan, Minuman dan Tembakau",2022,0.5166666666666666
KOTA BANJARMASIN,2022,"Makanan, Minuman dan Tembakau",2022,0.7233333333333333
KOTA BALIKPAPAN,2022,"Makanan, Minuman dan Tembakau",2022,0.5241666666666668
KOTA SAMARINDA,2022,"Makanan, Minuman dan Tembakau",2022,0.5474999999999999
TANJUNG SELOR,2022,"Makanan, Minuman dan Tembakau",2022,0.5066666666666666
KOTA TARAKAN,2022,"Makanan, Minuman dan Tembakau",2022,0.2183333333333333
KOTA MANADO,2022,"Makanan, Minuman dan Tembakau",2022,0.1391666666666666
KOTA KOTAMOBAGU,2022,"Makanan, Minuman dan Tembakau",2022,0.4883333333333332
LUWUK,2022,"Makanan, Minuman dan Tembakau",2022,0.545
KOTA PALU,2022,"Makanan, Minuman dan Tembakau",2022,0.3016666666666667
BULUKUMBA,2022,"Makanan, Minuman dan Tembakau",2022,0.3816666666666666
WATAMPONE,2022,"Makanan, Minuman dan Tembakau",2022,0.5958333333333334
KOTA MAKASSAR,2022,"Makanan, Minuman dan Tembakau",2022,0.48
KOTA PARE-PARE,2022,"Makanan, Minuman dan Tembakau",2022,0.5016666666666666
KOTA PALOPO,2022,"Makanan, Minuman dan Tembakau",2022,0.5458333333333334
KOTA KENDARI,2022,"Makanan, Minuman dan Tembakau",2022,0.3708333333333333
KOTA BUA-BAU,2022,"Makanan, Minuman dan Tembakau",2022,0.5891666666666667
KOTA GORONTALO,2022,"Makanan, Minuman dan Tembakau",2022,0.5299999999999999
MAMUJU,2022,"Makanan, Minuman dan Tembakau",2022,0.1766666666666666
KOTA AMBON,2022,"Makanan, Minuman dan Tembakau",2022,0.4983333333333333
KOTA TUAL,2022,"Makanan, Minuman dan Tembakau",2022,0.1408333333333333
KOTA TERNATE,2022,"Makanan, Minuman dan Tembakau",2022,0.16
MANOKWARI,2022,"Makanan, Minuman dan Tembakau",2022,0.6883333333333331
KOTA SORONG,2022,"Makanan, Minuman dan Tembakau",2022,-0.3033333333333333
MERAUKE,2022,"Makanan, Minuman dan Tembakau",2022,0.5416666666666666
TIMIKA,2022,"Makanan, Minuman dan Tembakau",2022,0.3999999999999999
KOTA JAYAPURA,2022,"Makanan, Minuman dan Tembakau",2022,0.4283333333333333
INDONESIA,2022,"Makanan, Minuman dan Tembakau",2022,0.4808333333333334
KOTA MEULABOH,2022,Makanan,2022,0.5716666666666667
KOTA BANDA ACEH,2022,Makanan,2022,0.2624999999999999
KOTA LHOKSEUMAWE,2022,Makanan,2022,0.4508333333333334
KOTA SIBOLGA,2022,Makanan,2022,0.5008333333333334
KOTA PEMATANG SIANTAR,2022,Makanan,2022,0.5966666666666667
KOTA MEDAN,2022,Makanan,2022,0.6433333333333333
KOTA PADANGSIDIMPUAN,2022,Makanan,2022,0.495
KOTA GUNUNGSITOLI,2022,Makanan,2022,0.4683333333333334
KOTA PADANG,2022,Makanan,2022,0.7725
KOTA BUKITTINGGI,2022,Makanan,2022,0.9141666666666663
TEMBILAHAN,2022,Makanan,2022,0.5449999999999998
KOTA PEKANBARU,2022,Makanan,2022,0.8458333333333332
KOTA DUMAI,2022,Makanan,2022,0.6766666666666664
BUNGO,2022,Makanan,2022,0.588333333333333
KOTA JAMBI,2022,Makanan,2022,0.4375
KOTA PALEMBANG,2022,Makanan,2022,0.5858333333333332
KOTA LUBUKLINGGAU,2022,Makanan,2022,0.6158333333333332
KOTA BENGKULU,2022,Makanan,2022,0.5491666666666668
KOTA BANDAR LAMPUNG,2022,Makanan,2022,0.3208333333333334
KOTA METRO,2022,Makanan,2022,0.5433333333333333
TANJUNG PANDAN,2022,Makanan,2022,-0.2125
KOTA PANGKAL PINANG,2022,Makanan,2022,0.315
KOTA BATAM,2022,Makanan,2022,0.5075
KOTA TANJUNG PINANG,2022,Makanan,2022,0.4783333333333333
DKI JAKARTA,2022,Makanan,2022,0.3116666666666666
KOTA BOGOR,2022,Makanan,2022,0.5416666666666666
KOTA SUKABUMI,2022,Makanan,2022,0.3341666666666666
KOTA BANDUNG,2022,Makanan,2022,0.5191666666666664
KOTA CIREBON,2022,Makanan,2022,0.2558333333333333
KOTA BEKASI,2022,Makanan,2022,0.6308333333333334
KOTA DEPOK,2022,Makanan,2022,0.6116666666666667
KOTA TASIKMALAYA,2022,Makanan,2022,0.6308333333333332
CILACAP,2022,Makanan,2022,0.4683333333333334
PURWOKERTO,2022,Makanan,2022,0.5241666666666667
KUDUS,2022,Makanan,2022,0.5875
KOTA SURAKARTA,2022,Makanan,2022,0.5191666666666667
KOTA SEMARANG,2022,Makanan,2022,0.4741666666666666
KOTA TEGAL,2022,Makanan,2022,0.6541666666666667
KOTA YOGYAKARTA,2022,Makanan,2022,0.5683333333333334
JEMBER,2022,Makanan,2022,0.7208333333333333
BANYUWANGI,2022,Makanan,2022,0.7966666666666669
SUMENEP,2022,Makanan,2022,0.6358333333333334
KOTA KEDIRI,2022,Makanan,2022,0.3958333333333335
KOTA MALANG,2022,Makanan,2022,0.4891666666666667
KOTA PROBOLINGGO,2022,Makanan,2022,0.5625000000000001
KOTA MADIUN,2022,Makanan,2022,0.4891666666666666
KOTA SURABAYA,2022,Makanan,2022,0.5599999999999999
KOTA TANGERANG,2022,Makanan,2022,0.3891666666666666
KOTA CILEGON,2022,Makanan,2022,0.4424999999999999
KOTA SERANG,2022,Makanan,2022,0.5958333333333332
SINGARAJA,2022,Makanan,2022,0.4791666666666667
KOTA DENPASAR,2022,Makanan,2022,0.5941666666666667
KOTA MATARAM,2022,Makanan,2022,0.5649999999999998
KOTA BIMA,2022,Makanan,2022,0.2649999999999999
WAINGAPU,2022,Makanan,2022,-0.3783333333333334
MAUMERE,2022,Makanan,2022,0.4333333333333334
KOTA KUPANG,2022,Makanan,2022,0.8016666666666667
SINTANG,2022,Makanan,2022,0.5874999999999999
KOTA PONTIANAK,2022,Makanan,2022,0.3583333333333333
KOTA SINGKAWANG,2022,Makanan,2022,0.5375
SAMPIT,2022,Makanan,2022,0.4533333333333333
KOTA PALANGKA RAYA,2022,Makanan,2022,0.6575
KOTA BARU,2022,Makanan,2022,0.6483333333333333
TANJUNG,2022,Makanan,2022,0.4841666666666666
KOTA BANJARMASIN,2022,Makanan,2022,0.7416666666666666
KOTA BALIKPAPAN,2022,Makanan,2022,0.4833333333333333
KOTA SAMARINDA,2022,Makanan,2022,0.5175
TANJUNG SELOR,2022,Makanan,2022,0.5099999999999999
KOTA TARAKAN,2022,Makanan,2022,0.1875
KOTA MANADO,2022,Makanan,2022,-0.0108333333333333
KOTA KOTAMOBAGU,2022,Makanan,2022,0.3991666666666667
LUWUK,2022,Makanan,2022,0.5858333333333334
KOTA PALU,2022,Makanan,2022,0.2808333333333333
BULUKUMBA,2022,Makanan,2022,0.4000000000000001
WATAMPONE,2022,Makanan,2022,0.6249999999999999
KOTA MAKASSAR,2022,Makanan,2022,0.4383333333333332
KOTA PARE-PARE,2022,Makanan,2022,0.5591666666666667
KOTA PALOPO,2022,Makanan,2022,0.5933333333333334
KOTA KENDARI,2022,Makanan,2022,0.3358333333333334
KOTA BUA-BAU,2022,Makanan,2022,0.535
KOTA GORONTALO,2022,Makanan,2022,0.4533333333333335
MAMUJU,2022,Makanan,2022,0.0558333333333333
KOTA AMBON,2022,Makanan,2022,0.325
KOTA TUAL,2022,Makanan,2022,0.0708333333333333
KOTA TERNATE,2022,Makanan,2022,0.0808333333333334
MANOKWARI,2022,Makanan,2022,0.7416666666666666
KOTA SORONG,2022,Makanan,2022,-0.5325000000000001
MERAUKE,2022,Makanan,2022,0.6141666666666665
TIMIKA,2022,Makanan,2022,0.3899999999999999
KOTA JAYAPURA,2022,Makanan,2022,0.4041666666666667
INDONESIA,2022,Makanan,2022,0.4725
KOTA MEULABOH,2022,Minuman yang Tidak Beralkohol,2022,0.1958333333333333
KOTA BANDA ACEH,2022,Minuman yang Tidak Beralkohol,2022,0.3183333333333333
KOTA LHOKSEUMAWE,2022,Minuman yang Tidak Beralkohol,2022,0.3616666666666666
KOTA SIBOLGA,2022,Minuman yang Tidak Beralkohol,2022,0.4958333333333334
KOTA PEMATANG SIANTAR,2022,Minuman yang Tidak Beralkohol,2022,0.3441666666666667
KOTA MEDAN,2022,Minuman yang Tidak Beralkohol,2022,0.3025
KOTA PADANGSIDIMPUAN,2022,Minuman yang Tidak Beralkohol,2022,-0.01
KOTA GUNUNGSITOLI,2022,Minuman yang Tidak Beralkohol,2022,0.0291666666666666
KOTA PADANG,2022,Minuman yang Tidak Beralkohol,2022,0.3833333333333333
KOTA BUKITTINGGI,2022,Minuman yang Tidak Beralkohol,2022,0.0833333333333333
TEMBILAHAN,2022,Minuman yang Tidak Beralkohol,2022,0.215
KOTA PEKANBARU,2022,Minuman yang Tidak Beralkohol,2022,0.4933333333333333
KOTA DUMAI,2022,Minuman yang Tidak Beralkohol,2022,0.3483333333333334
BUNGO,2022,Minuman yang Tidak Beralkohol,2022,0.3091666666666666
KOTA JAMBI,2022,Minuman yang Tidak Beralkohol,2022,0.6583333333333333
KOTA PALEMBANG,2022,Minuman yang Tidak Beralkohol,2022,0.5166666666666666
KOTA LUBUKLINGGAU,2022,Minuman yang Tidak Beralkohol,2022,0.4558333333333333
KOTA BENGKULU,2022,Minuman yang Tidak Beralkohol,2022,0.4533333333333333
KOTA BANDAR LAMPUNG,2022,Minuman yang Tidak Beralkohol,2022,0.3616666666666666
KOTA METRO,2022,Minuman yang Tidak Beralkohol,2022,0.1241666666666666
TANJUNG PANDAN,2022,Minuman yang Tidak Beralkohol,2022,1.5991666666666668
KOTA PANGKAL PINANG,2022,Minuman yang Tidak Beralkohol,2022,0.5749999999999998
KOTA BATAM,2022,Minuman yang Tidak Beralkohol,2022,0.5966666666666668
KOTA TANJUNG PINANG,2022,Minuman yang Tidak Beralkohol,2022,0.1541666666666666
DKI JAKARTA,2022,Minuman yang Tidak Beralkohol,2022,0.1
KOTA BOGOR,2022,Minuman yang Tidak Beralkohol,2022,0.2058333333333333
KOTA SUKABUMI,2022,Minuman yang Tidak Beralkohol,2022,0.2433333333333333
KOTA BANDUNG,2022,Minuman yang Tidak Beralkohol,2022,0.1858333333333333
KOTA CIREBON,2022,Minuman yang Tidak Beralkohol,2022,0.3833333333333333
KOTA BEKASI,2022,Minuman yang Tidak Beralkohol,2022,0.3233333333333333
KOTA DEPOK,2022,Minuman yang Tidak Beralkohol,2022,0.2191666666666666
KOTA TASIKMALAYA,2022,Minuman yang Tidak Beralkohol,2022,0.8391666666666664
CILACAP,2022,Minuman yang Tidak Beralkohol,2022,0.7224999999999998
PURWOKERTO,2022,Minuman yang Tidak Beralkohol,2022,0.64
KUDUS,2022,Minuman yang Tidak Beralkohol,2022,0.57
KOTA SURAKARTA,2022,Minuman yang Tidak Beralkohol,2022,0.3649999999999999
KOTA SEMARANG,2022,Minuman yang Tidak Beralkohol,2022,0.2483333333333333
KOTA TEGAL,2022,Minuman yang Tidak Beralkohol,2022,0.5975
KOTA YOGYAKARTA,2022,Minuman yang Tidak Beralkohol,2022,0.4475
JEMBER,2022,Minuman yang Tidak Beralkohol,2022,0.4533333333333333
BANYUWANGI,2022,Minuman yang Tidak Beralkohol,2022,0.1566666666666666
SUMENEP,2022,Minuman yang Tidak Beralkohol,2022,0.2125
KOTA KEDIRI,2022,Minuman yang Tidak Beralkohol,2022,0.1291666666666666
KOTA MALANG,2022,Minuman yang Tidak Beralkohol,2022,0.8641666666666667
KOTA PROBOLINGGO,2022,Minuman yang Tidak Beralkohol,2022,0.6933333333333334
KOTA MADIUN,2022,Minuman yang Tidak Beralkohol,2022,0.3333333333333333
KOTA SURABAYA,2022,Minuman yang Tidak Beralkohol,2022,0.3325
KOTA TANGERANG,2022,Minuman yang Tidak Beralkohol,2022,0.2466666666666666
KOTA CILEGON,2022,Minuman yang Tidak Beralkohol,2022,0.095
KOTA SERANG,2022,Minuman yang Tidak Beralkohol,2022,0.055
SINGARAJA,2022,Minuman yang Tidak Beralkohol,2022,0.4458333333333333
KOTA DENPASAR,2022,Minuman yang Tidak Beralkohol,2022,0.0683333333333333
KOTA MATARAM,2022,Minuman yang Tidak Beralkohol,2022,0.4033333333333333
KOTA BIMA,2022,Minuman yang Tidak Beralkohol,2022,0.39
WAINGAPU,2022,Minuman yang Tidak Beralkohol,2022,0.5608333333333334
MAUMERE,2022,Minuman yang Tidak Beralkohol,2022,0.6041666666666666
KOTA KUPANG,2022,Minuman yang Tidak Beralkohol,2022,0.3358333333333334
SINTANG,2022,Minuman yang Tidak Beralkohol,2022,1.0266666666666666
KOTA PONTIANAK,2022,Minuman yang Tidak Beralkohol,2022,0.5891666666666667
KOTA SINGKAWANG,2022,Minuman yang Tidak Beralkohol,2022,0.6425
SAMPIT,2022,Minuman yang Tidak Beralkohol,2022,0.3166666666666667
KOTA PALANGKA RAYA,2022,Minuman yang Tidak Beralkohol,2022,0.4125
KOTA BARU,2022,Minuman yang Tidak Beralkohol,2022,0.3183333333333333
TANJUNG,2022,Minuman yang Tidak Beralkohol,2022,0.0375
KOTA BANJARMASIN,2022,Minuman yang Tidak Beralkohol,2022,0.1591666666666667
KOTA BALIKPAPAN,2022,Minuman yang Tidak Beralkohol,2022,0.6291666666666665
KOTA SAMARINDA,2022,Minuman yang Tidak Beralkohol,2022,0.3274999999999999
TANJUNG SELOR,2022,Minuman yang Tidak Beralkohol,2022,0.2433333333333333
KOTA TARAKAN,2022,Minuman yang Tidak Beralkohol,2022,0.3141666666666666
KOTA MANADO,2022,Minuman yang Tidak Beralkohol,2022,0.6425000000000001
KOTA KOTAMOBAGU,2022,Minuman yang Tidak Beralkohol,2022,0.1408333333333333
LUWUK,2022,Minuman yang Tidak Beralkohol,2022,0.2566666666666666
KOTA PALU,2022,Minuman yang Tidak Beralkohol,2022,0.155
BULUKUMBA,2022,Minuman yang Tidak Beralkohol,2022,0.2683333333333333
WATAMPONE,2022,Minuman yang Tidak Beralkohol,2022,0.4091666666666667
KOTA MAKASSAR,2022,Minuman yang Tidak Beralkohol,2022,0.3899999999999999
KOTA PARE-PARE,2022,Minuman yang Tidak Beralkohol,2022,0.2624999999999999
KOTA PALOPO,2022,Minuman yang Tidak Beralkohol,2022,0.0866666666666666
KOTA KENDARI,2022,Minuman yang Tidak Beralkohol,2022,0.3324999999999999
KOTA BUA-BAU,2022,Minuman yang Tidak Beralkohol,2022,-0.0125
KOTA GORONTALO,2022,Minuman yang Tidak Beralkohol,2022,0.1849999999999999
MAMUJU,2022,Minuman yang Tidak Beralkohol,2022,0.4441666666666666
KOTA AMBON,2022,Minuman yang Tidak Beralkohol,2022,0.3925
KOTA TUAL,2022,Minuman yang Tidak Beralkohol,2022,0.2799999999999999
KOTA TERNATE,2022,Minuman yang Tidak Beralkohol,2022,0.2258333333333333
MANOKWARI,2022,Minuman yang Tidak Beralkohol,2022,0.3099999999999999
KOTA SORONG,2022,Minuman yang Tidak Beralkohol,2022,0.2866666666666667
MERAUKE,2022,Minuman yang Tidak Beralkohol,2022,-0.1075
TIMIKA,2022,Minuman yang Tidak Beralkohol,2022,-0.345
KOTA JAYAPURA,2022,Minuman yang Tidak Beralkohol,2022,0.3941666666666668
INDONESIA,2022,Minuman yang Tidak Beralkohol,2022,0.2675
KOTA SIBOLGA,2022,Minuman Beralkohol,2022,0.0
KOTA PEMATANG SIANTAR,2022,Minuman Beralkohol,2022,0.9591666666666666
KOTA GUNUNGSITOLI,2022,Minuman Beralkohol,2022,0.0
KOTA BATAM,2022,Minuman Beralkohol,2022,0.0199999999999999
KOTA TANJUNG PINANG,2022,Minuman Beralkohol,2022,0.6866666666666666
SINGARAJA,2022,Minuman Beralkohol,2022,0.2125
KOTA DENPASAR,2022,Minuman Beralkohol,2022,0.8466666666666667
WAINGAPU,2022,Minuman Beralkohol,2022,0.0
MAUMERE,2022,Minuman Beralkohol,2022,1.2575
KOTA KUPANG,2022,Minuman Beralkohol,2022,0.2983333333333333
KOTA MANADO,2022,Minuman Beralkohol,2022,0.0691666666666666
KOTA KOTAMOBAGU,2022,Minuman Beralkohol,2022,0.3541666666666667
KOTA AMBON,2022,Minuman Beralkohol,2022,1.5599999999999996
KOTA TUAL,2022,Minuman Beralkohol,2022,0.0
KOTA SORONG,2022,Minuman Beralkohol,2022,0.0641666666666666
MERAUKE,2022,Minuman Beralkohol,2022,0.4133333333333333
TIMIKA,2022,Minuman Beralkohol,2022,0.3891666666666666
KOTA JAYAPURA,2022,Minuman Beralkohol,2022,0.2225
INDONESIA,2022,Minuman Beralkohol,2022,0.4133333333333333
KOTA MEULABOH,2022,Rokok dan Tembakau,2022,0.5624999999999999
KOTA BANDA ACEH,2022,Rokok dan Tembakau,2022,0.7166666666666667
KOTA LHOKSEUMAWE,2022,Rokok dan Tembakau,2022,0.5116666666666667
KOTA SIBOLGA,2022,Rokok dan Tembakau,2022,0.7608333333333333
KOTA PEMATANG SIANTAR,2022,Rokok dan Tembakau,2022,0.6933333333333334
KOTA MEDAN,2022,Rokok dan Tembakau,2022,0.7116666666666668
KOTA PADANGSIDIMPUAN,2022,Rokok dan Tembakau,2022,0.7533333333333334
KOTA GUNUNGSITOLI,2022,Rokok dan Tembakau,2022,0.3316666666666666
KOTA PADANG,2022,Rokok dan Tembakau,2022,0.9749999999999998
KOTA BUKITTINGGI,2022,Rokok dan Tembakau,2022,0.69
TEMBILAHAN,2022,Rokok dan Tembakau,2022,0.8733333333333334
KOTA PEKANBARU,2022,Rokok dan Tembakau,2022,0.7549999999999999
KOTA DUMAI,2022,Rokok dan Tembakau,2022,0.7233333333333333
BUNGO,2022,Rokok dan Tembakau,2022,0.8524999999999999
KOTA JAMBI,2022,Rokok dan Tembakau,2022,0.9875000000000002
KOTA PALEMBANG,2022,Rokok dan Tembakau,2022,0.5974999999999999
KOTA LUBUKLINGGAU,2022,Rokok dan Tembakau,2022,0.445
KOTA BENGKULU,2022,Rokok dan Tembakau,2022,0.6825
KOTA BANDAR LAMPUNG,2022,Rokok dan Tembakau,2022,0.7908333333333334
KOTA METRO,2022,Rokok dan Tembakau,2022,0.905
TANJUNG PANDAN,2022,Rokok dan Tembakau,2022,0.6066666666666666
KOTA PANGKAL PINANG,2022,Rokok dan Tembakau,2022,0.97
KOTA BATAM,2022,Rokok dan Tembakau,2022,1.3741666666666668
KOTA TANJUNG PINANG,2022,Rokok dan Tembakau,2022,0.6975000000000001
DKI JAKARTA,2022,Rokok dan Tembakau,2022,0.4866666666666667
KOTA BOGOR,2022,Rokok dan Tembakau,2022,0.2333333333333333
KOTA SUKABUMI,2022,Rokok dan Tembakau,2022,0.5941666666666666
KOTA BANDUNG,2022,Rokok dan Tembakau,2022,0.7016666666666667
KOTA CIREBON,2022,Rokok dan Tembakau,2022,0.665
KOTA BEKASI,2022,Rokok dan Tembakau,2022,0.4808333333333332
KOTA DEPOK,2022,Rokok dan Tembakau,2022,0.8275
KOTA TASIKMALAYA,2022,Rokok dan Tembakau,2022,1.12
CILACAP,2022,Rokok dan Tembakau,2022,1.5958333333333334
PURWOKERTO,2022,Rokok dan Tembakau,2022,0.9116666666666666
KUDUS,2022,Rokok dan Tembakau,2022,0.5725
KOTA SURAKARTA,2022,Rokok dan Tembakau,2022,0.7358333333333333
KOTA SEMARANG,2022,Rokok dan Tembakau,2022,0.8616666666666667
KOTA TEGAL,2022,Rokok dan Tembakau,2022,1.1616666666666668
KOTA YOGYAKARTA,2022,Rokok dan Tembakau,2022,0.6108333333333332
JEMBER,2022,Rokok dan Tembakau,2022,0.5216666666666666
BANYUWANGI,2022,Rokok dan Tembakau,2022,0.5541666666666666
SUMENEP,2022,Rokok dan Tembakau,2022,0.8658333333333332
KOTA KEDIRI,2022,Rokok dan Tembakau,2022,0.8316666666666667
KOTA MALANG,2022,Rokok dan Tembakau,2022,0.8591666666666667
KOTA PROBOLINGGO,2022,Rokok dan Tembakau,2022,0.4958333333333333
KOTA MADIUN,2022,Rokok dan Tembakau,2022,0.9566666666666668
KOTA SURABAYA,2022,Rokok dan Tembakau,2022,0.9733333333333332
KOTA TANGERANG,2022,Rokok dan Tembakau,2022,0.4141666666666666
KOTA CILEGON,2022,Rokok dan Tembakau,2022,0.9533333333333333
KOTA SERANG,2022,Rokok dan Tembakau,2022,0.7541666666666668
SINGARAJA,2022,Rokok dan Tembakau,2022,0.8825000000000002
KOTA DENPASAR,2022,Rokok dan Tembakau,2022,0.9183333333333334
KOTA MATARAM,2022,Rokok dan Tembakau,2022,0.9983333333333332
KOTA BIMA,2022,Rokok dan Tembakau,2022,0.935
WAINGAPU,2022,Rokok dan Tembakau,2022,1.0033333333333332
MAUMERE,2022,Rokok dan Tembakau,2022,1.1700000000000002
KOTA KUPANG,2022,Rokok dan Tembakau,2022,0.7625000000000001
SINTANG,2022,Rokok dan Tembakau,2022,0.9774999999999996
KOTA PONTIANAK,2022,Rokok dan Tembakau,2022,1.0799999999999998
KOTA SINGKAWANG,2022,Rokok dan Tembakau,2022,0.6616666666666666
SAMPIT,2022,Rokok dan Tembakau,2022,1.0066666666666666
KOTA PALANGKA RAYA,2022,Rokok dan Tembakau,2022,0.5058333333333332
KOTA BARU,2022,Rokok dan Tembakau,2022,0.7325
TANJUNG,2022,Rokok dan Tembakau,2022,0.8983333333333334
KOTA BANJARMASIN,2022,Rokok dan Tembakau,2022,0.9433333333333334
KOTA BALIKPAPAN,2022,Rokok dan Tembakau,2022,0.7774999999999999
KOTA SAMARINDA,2022,Rokok dan Tembakau,2022,0.9008333333333336
TANJUNG SELOR,2022,Rokok dan Tembakau,2022,0.6658333333333334
KOTA TARAKAN,2022,Rokok dan Tembakau,2022,0.4083333333333334
KOTA MANADO,2022,Rokok dan Tembakau,2022,0.5825
KOTA KOTAMOBAGU,2022,Rokok dan Tembakau,2022,1.0725000000000002
LUWUK,2022,Rokok dan Tembakau,2022,0.5483333333333332
KOTA PALU,2022,Rokok dan Tembakau,2022,0.5983333333333334
BULUKUMBA,2022,Rokok dan Tembakau,2022,0.3749999999999999
WATAMPONE,2022,Rokok dan Tembakau,2022,0.5525000000000001
KOTA MAKASSAR,2022,Rokok dan Tembakau,2022,0.9475
KOTA PARE-PARE,2022,Rokok dan Tembakau,2022,0.3899999999999999
KOTA PALOPO,2022,Rokok dan Tembakau,2022,0.4466666666666666
KOTA KENDARI,2022,Rokok dan Tembakau,2022,0.6941666666666667
KOTA BUA-BAU,2022,Rokok dan Tembakau,2022,1.1883333333333332
KOTA GORONTALO,2022,Rokok dan Tembakau,2022,1.1925
MAMUJU,2022,Rokok dan Tembakau,2022,0.7275
KOTA AMBON,2022,Rokok dan Tembakau,2022,1.4408333333333332
KOTA TUAL,2022,Rokok dan Tembakau,2022,0.635
KOTA TERNATE,2022,Rokok dan Tembakau,2022,0.6241666666666668
MANOKWARI,2022,Rokok dan Tembakau,2022,0.6825
KOTA SORONG,2022,Rokok dan Tembakau,2022,0.9958333333333336
MERAUKE,2022,Rokok dan Tembakau,2022,0.7275
TIMIKA,2022,Rokok dan Tembakau,2022,0.995
KOTA JAYAPURA,2022,Rokok dan Tembakau,2022,0.7483333333333334
INDONESIA,2022,Rokok dan Tembakau,2022,0.7158333333333333
KOTA MEULABOH,2023,"Makanan, Minuman dan Tembakau",2023,0.06
KOTA BANDA ACEH,2023,"Makanan, Minuman dan Tembakau",2023,0.2883333333333333
KOTA LHOKSEUMAWE,2023,"Makanan, Minuman dan Tembakau",2023,0.1166666666666666
KOTA SIBOLGA,2023,"Makanan, Minuman dan Tembakau",2023,0.2266666666666667
KOTA PEMATANG SIANTAR,2023,"Makanan, Minuman dan Tembakau",2023,0.1941666666666666
KOTA MEDAN,2023,"Makanan, Minuman dan Tembakau",2023,0.3166666666666666
KOTA PADANGSIDIMPUAN,2023,"Makanan, Minuman dan Tembakau",2023,0.38
KOTA GUNUNGSITOLI,2023,"Makanan, Minuman dan Tembakau",2023,0.2233333333333333
KOTA PADANG,2023,"Makanan, Minuman dan Tembakau",2023,0.4258333333333333
KOTA BUKITTINGGI,2023,"Makanan, Minuman dan Tembakau",2023,0.2691666666666667
TEMBILAHAN,2023,"Makanan, Minuman dan Tembakau",2023,0.2533333333333334
KOTA PEKANBARU,2023,"Makanan, Minuman dan Tembakau",2023,0.4366666666666666
KOTA DUMAI,2023,"Makanan, Minuman dan Tembakau",2023,0.3416666666666667
BUNGO,2023,"Makanan, Minuman dan Tembakau",2023,0.5816666666666667
KOTA JAMBI,2023,"Makanan, Minuman dan Tembakau",2023,0.6466666666666666
KOTA PALEMBANG,2023,"Makanan, Minuman dan Tembakau",2023,0.5941666666666666
KOTA LUBUKLINGGAU,2023,"Makanan, Minuman dan Tembakau",2023,0.4916666666666666
KOTA BENGKULU,2023,"Makanan, Minuman dan Tembakau",2023,0.5066666666666667
KOTA BANDAR LAMPUNG,2023,"Makanan, Minuman dan Tembakau",2023,0.7525000000000001
KOTA METRO,2023,"Makanan, Minuman dan Tembakau",2023,0.7591666666666668
TANJUNG PANDAN,2023,"Makanan, Minuman dan Tembakau",2023,0.5308333333333333
KOTA PANGKAL PINANG,2023,"Makanan, Minuman dan Tembakau",2023,0.3591666666666667
KOTA BATAM,2023,"Makanan, Minuman dan Tembakau",2023,0.4583333333333333
KOTA TANJUNG PINANG,2023,"Makanan, Minuman dan Tembakau",2023,0.3433333333333334
DKI JAKARTA,2023,"Makanan, Minuman dan Tembakau",2023,0.5183333333333333
KOTA BOGOR,2023,"Makanan, Minuman dan Tembakau",2023,0.5750000000000001
KOTA SUKABUMI,2023,"Makanan, Minuman dan Tembakau",2023,0.4683333333333334
KOTA BANDUNG,2023,"Makanan, Minuman dan Tembakau",2023,0.5241666666666667
KOTA CIREBON,2023,"Makanan, Minuman dan Tembakau",2023,0.46
KOTA BEKASI,2023,"Makanan, Minuman dan Tembakau",2023,0.5816666666666667
KOTA DEPOK,2023,"Makanan, Minuman dan Tembakau",2023,0.4366666666666667
KOTA TASIKMALAYA,2023,"Makanan, Minuman dan Tembakau",2023,0.5725
CILACAP,2023,"Makanan, Minuman dan Tembakau",2023,0.4866666666666666
PURWOKERTO,2023,"Makanan, Minuman dan Tembakau",2023,0.5816666666666667
KUDUS,2023,"Makanan, Minuman dan Tembakau",2023,0.6191666666666665
KOTA SURAKARTA,2023,"Makanan, Minuman dan Tembakau",2023,0.7483333333333332
KOTA SEMARANG,2023,"Makanan, Minuman dan Tembakau",2023,0.6083333333333335
KOTA TEGAL,2023,"Makanan, Minuman dan Tembakau",2023,0.6466666666666666
KOTA YOGYAKARTA,2023,"Makanan, Minuman dan Tembakau",2023,0.6124999999999999
JEMBER,2023,"Makanan, Minuman dan Tembakau",2023,0.4874999999999999
BANYUWANGI,2023,"Makanan, Minuman dan Tembakau",2023,0.3141666666666666
SUMENEP,2023,"Makanan, Minuman dan Tembakau",2023,0.7408333333333332
KOTA KEDIRI,2023,"Makanan, Minuman dan Tembakau",2023,0.5366666666666667
KOTA MALANG,2023,"Makanan, Minuman dan Tembakau",2023,0.5841666666666668
KOTA PROBOLINGGO,2023,"Makanan, Minuman dan Tembakau",2023,0.3766666666666667
KOTA MADIUN,2023,"Makanan, Minuman dan Tembakau",2023,0.5625000000000001
KOTA SURABAYA,2023,"Makanan, Minuman dan Tembakau",2023,0.515
KOTA TANGERANG,2023,"Makanan, Minuman dan Tembakau",2023,0.5866666666666666
KOTA CILEGON,2023,"Makanan, Minuman dan Tembakau",2023,0.6091666666666665
KOTA SERANG,2023,"Makanan, Minuman dan Tembakau",2023,0.3658333333333332
SINGARAJA,2023,"Makanan, Minuman dan Tembakau",2023,0.81
KOTA DENPASAR,2023,"Makanan, Minuman dan Tembakau",2023,0.5183333333333333
KOTA MATARAM,2023,"Makanan, Minuman dan Tembakau",2023,0.3999999999999999
KOTA BIMA,2023,"Makanan, Minuman dan Tembakau",2023,0.4758333333333334
WAINGAPU,2023,"Makanan, Minuman dan Tembakau",2023,0.4458333333333334
MAUMERE,2023,"Makanan, Minuman dan Tembakau",2023,0.4825
KOTA KUPANG,2023,"Makanan, Minuman dan Tembakau",2023,0.2108333333333333
SINTANG,2023,"Makanan, Minuman dan Tembakau",2023,0.1966666666666666
KOTA PONTIANAK,2023,"Makanan, Minuman dan Tembakau",2023,0.2641666666666666
KOTA SINGKAWANG,2023,"Makanan, Minuman dan Tembakau",2023,0.1966666666666666
SAMPIT,2023,"Makanan, Minuman dan Tembakau",2023,0.4366666666666667
KOTA PALANGKA RAYA,2023,"Makanan, Minuman dan Tembakau",2023,0.5766666666666667
KOTA BARU,2023,"Makanan, Minuman dan Tembakau",2023,0.6408333333333333
TANJUNG,2023,"Makanan, Minuman dan Tembakau",2023,0.2649999999999999
KOTA BANJARMASIN,2023,"Makanan, Minuman dan Tembakau",2023,0.2616666666666666
KOTA BALIKPAPAN,2023,"Makanan, Minuman dan Tembakau",2023,0.5491666666666667
KOTA SAMARINDA,2023,"Makanan, Minuman dan Tembakau",2023,0.6774999999999999
TANJUNG SELOR,2023,"Makanan, Minuman dan Tembakau",2023,0.4925
KOTA TARAKAN,2023,"Makanan, Minuman dan Tembakau",2023,0.2583333333333333
KOTA MANADO,2023,"Makanan, Minuman dan Tembakau",2023,0.5683333333333334
KOTA KOTAMOBAGU,2023,"Makanan, Minuman dan Tembakau",2023,0.5499999999999999
LUWUK,2023,"Makanan, Minuman dan Tembakau",2023,0.6241666666666666
KOTA PALU,2023,"Makanan, Minuman dan Tembakau",2023,0.4458333333333333
BULUKUMBA,2023,"Makanan, Minuman dan Tembakau",2023,0.5225
WATAMPONE,2023,"Makanan, Minuman dan Tembakau",2023,0.5133333333333333
KOTA MAKASSAR,2023,"Makanan, Minuman dan Tembakau",2023,0.5525000000000001
KOTA PARE-PARE,2023,"Makanan, Minuman dan Tembakau",2023,0.3666666666666667
KOTA PALOPO,2023,"Makanan, Minuman dan Tembakau",2023,0.3683333333333334
KOTA KENDARI,2023,"Makanan, Minuman dan Tembakau",2023,0.3683333333333334
KOTA BUA-BAU,2023,"Makanan, Minuman dan Tembakau",2023,0.4750000000000001
KOTA GORONTALO,2023,"Makanan, Minuman dan Tembakau",2023,0.6858333333333334
MAMUJU,2023,"Makanan, Minuman dan Tembakau",2023,0.1741666666666666
KOTA AMBON,2023,"Makanan, Minuman dan Tembakau",2023,0.435
KOTA TUAL,2023,"Makanan, Minuman dan Tembakau",2023,0.2149999999999999
KOTA TERNATE,2023,"Makanan, Minuman dan Tembakau",2023,0.4566666666666666
MANOKWARI,2023,"Makanan, Minuman dan Tembakau",2023,0.2533333333333333
KOTA SORONG,2023,"Makanan, Minuman dan Tembakau",2023,0.4574999999999998
MERAUKE,2023,"Makanan, Minuman dan Tembakau",2023,0.6266666666666666
TIMIKA,2023,"Makanan, Minuman dan Tembakau",2023,0.4325
KOTA JAYAPURA,2023,"Makanan, Minuman dan Tembakau",2023,0.1441666666666667
INDONESIA,2023,"Makanan, Minuman dan Tembakau",2023,0.5016666666666667
KOTA MEULABOH,2023,Makanan,2023,0.0058333333333333
KOTA BANDA ACEH,2023,Makanan,2023,0.2333333333333333
KOTA LHOKSEUMAWE,2023,Makanan,2023,0.0716666666666667
KOTA SIBOLGA,2023,Makanan,2023,0.1016666666666666
KOTA PEMATANG SIANTAR,2023,Makanan,2023,0.1275
KOTA MEDAN,2023,Makanan,2023,0.2941666666666667
KOTA PADANGSIDIMPUAN,2023,Makanan,2023,0.3625
KOTA GUNUNGSITOLI,2023,Makanan,2023,0.1691666666666667
KOTA PADANG,2023,Makanan,2023,0.3966666666666666
KOTA BUKITTINGGI,2023,Makanan,2023,0.2449999999999999
TEMBILAHAN,2023,Makanan,2023,0.2375
KOTA PEKANBARU,2023,Makanan,2023,0.46
KOTA DUMAI,2023,Makanan,2023,0.2649999999999999
BUNGO,2023,Makanan,2023,0.5275
KOTA JAMBI,2023,Makanan,2023,0.62
KOTA PALEMBANG,2023,Makanan,2023,0.5925
KOTA LUBUKLINGGAU,2023,Makanan,2023,0.5016666666666666
KOTA BENGKULU,2023,Makanan,2023,0.4783333333333333
KOTA BANDAR LAMPUNG,2023,Makanan,2023,0.7816666666666666
KOTA METRO,2023,Makanan,2023,0.7941666666666668
TANJUNG PANDAN,2023,Makanan,2023,0.5033333333333334
KOTA PANGKAL PINANG,2023,Makanan,2023,0.2483333333333333
KOTA BATAM,2023,Makanan,2023,0.4158333333333333
KOTA TANJUNG PINANG,2023,Makanan,2023,0.2933333333333334
DKI JAKARTA,2023,Makanan,2023,0.5399999999999999
KOTA BOGOR,2023,Makanan,2023,0.6108333333333335
KOTA SUKABUMI,2023,Makanan,2023,0.4491666666666667
KOTA BANDUNG,2023,Makanan,2023,0.5183333333333333
KOTA CIREBON,2023,Makanan,2023,0.4224999999999999
KOTA BEKASI,2023,Makanan,2023,0.5575
KOTA DEPOK,2023,Makanan,2023,0.48
KOTA TASIKMALAYA,2023,Makanan,2023,0.6024999999999999
CILACAP,2023,Makanan,2023,0.5108333333333333
PURWOKERTO,2023,Makanan,2023,0.5841666666666666
KUDUS,2023,Makanan,2023,0.6175
KOTA SURAKARTA,2023,Makanan,2023,0.7583333333333333
KOTA SEMARANG,2023,Makanan,2023,0.61
KOTA TEGAL,2023,Makanan,2023,0.6841666666666667
KOTA YOGYAKARTA,2023,Makanan,2023,0.56
JEMBER,2023,Makanan,2023,0.4766666666666666
BANYUWANGI,2023,Makanan,2023,0.2841666666666667
SUMENEP,2023,Makanan,2023,0.8016666666666666
KOTA KEDIRI,2023,Makanan,2023,0.5933333333333334
KOTA MALANG,2023,Makanan,2023,0.5758333333333333
KOTA PROBOLINGGO,2023,Makanan,2023,0.3533333333333333
KOTA MADIUN,2023,Makanan,2023,0.5299999999999999
KOTA SURABAYA,2023,Makanan,2023,0.54
KOTA TANGERANG,2023,Makanan,2023,0.64
KOTA CILEGON,2023,Makanan,2023,0.6075
KOTA SERANG,2023,Makanan,2023,0.2816666666666667
SINGARAJA,2023,Makanan,2023,0.9075
KOTA DENPASAR,2023,Makanan,2023,0.5341666666666666
KOTA MATARAM,2023,Makanan,2023,0.355
KOTA BIMA,2023,Makanan,2023,0.4483333333333333
WAINGAPU,2023,Makanan,2023,0.5166666666666666
MAUMERE,2023,Makanan,2023,0.4875
KOTA KUPANG,2023,Makanan,2023,0.06
SINTANG,2023,Makanan,2023,0.1616666666666666
KOTA PONTIANAK,2023,Makanan,2023,0.2183333333333333
KOTA SINGKAWANG,2023,Makanan,2023,0.1183333333333333
SAMPIT,2023,Makanan,2023,0.4041666666666666
KOTA PALANGKA RAYA,2023,Makanan,2023,0.5691666666666667
KOTA BARU,2023,Makanan,2023,0.5599999999999999
TANJUNG,2023,Makanan,2023,0.1999999999999999
KOTA BANJARMASIN,2023,Makanan,2023,0.1566666666666666
KOTA BALIKPAPAN,2023,Makanan,2023,0.5641666666666666
KOTA SAMARINDA,2023,Makanan,2023,0.6883333333333335
TANJUNG SELOR,2023,Makanan,2023,0.5225000000000001
KOTA TARAKAN,2023,Makanan,2023,0.2324999999999999
KOTA MANADO,2023,Makanan,2023,0.7641666666666667
KOTA KOTAMOBAGU,2023,Makanan,2023,0.5408333333333334
LUWUK,2023,Makanan,2023,0.7058333333333334
KOTA PALU,2023,Makanan,2023,0.4391666666666666
BULUKUMBA,2023,Makanan,2023,0.62
WATAMPONE,2023,Makanan,2023,0.5591666666666665
KOTA MAKASSAR,2023,Makanan,2023,0.575
KOTA PARE-PARE,2023,Makanan,2023,0.4158333333333333
KOTA PALOPO,2023,Makanan,2023,0.3699999999999999
KOTA KENDARI,2023,Makanan,2023,0.3016666666666667
KOTA BUA-BAU,2023,Makanan,2023,0.5591666666666667
KOTA GORONTALO,2023,Makanan,2023,0.7591666666666667
MAMUJU,2023,Makanan,2023,0.1258333333333333
KOTA AMBON,2023,Makanan,2023,0.3616666666666666
KOTA TUAL,2023,Makanan,2023,0.1041666666666666
KOTA TERNATE,2023,Makanan,2023,0.4858333333333333
MANOKWARI,2023,Makanan,2023,0.0899999999999999
KOTA SORONG,2023,Makanan,2023,0.4366666666666666
MERAUKE,2023,Makanan,2023,0.5983333333333333
TIMIKA,2023,Makanan,2023,0.3999999999999999
KOTA JAYAPURA,2023,Makanan,2023,0.0566666666666666
INDONESIA,2023,Makanan,2023,0.5041666666666668
KOTA MEULABOH,2023,Minuman yang Tidak Beralkohol,2023,0.0708333333333333
KOTA BANDA ACEH,2023,Minuman yang Tidak Beralkohol,2023,0.0433333333333333
KOTA LHOKSEUMAWE,2023,Minuman yang Tidak Beralkohol,2023,0.0524999999999999
KOTA SIBOLGA,2023,Minuman yang Tidak Beralkohol,2023,0.4825
KOTA PEMATANG SIANTAR,2023,Minuman yang Tidak Beralkohol,2023,0.1949999999999999
KOTA MEDAN,2023,Minuman yang Tidak Beralkohol,2023,0.1258333333333333
KOTA PADANGSIDIMPUAN,2023,Minuman yang Tidak Beralkohol,2023,0.2091666666666667
KOTA GUNUNGSITOLI,2023,Minuman yang Tidak Beralkohol,2023,0.3241666666666666
KOTA PADANG,2023,Minuman yang Tidak Beralkohol,2023,0.0866666666666666
KOTA BUKITTINGGI,2023,Minuman yang Tidak Beralkohol,2023,0.0258333333333333
TEMBILAHAN,2023,Minuman yang Tidak Beralkohol,2023,0.2758333333333333
KOTA PEKANBARU,2023,Minuman yang Tidak Beralkohol,2023,0.0708333333333333
KOTA DUMAI,2023,Minuman yang Tidak Beralkohol,2023,0.0758333333333333
BUNGO,2023,Minuman yang Tidak Beralkohol,2023,0.3166666666666666
KOTA JAMBI,2023,Minuman yang Tidak Beralkohol,2023,0.5883333333333333
KOTA PALEMBANG,2023,Minuman yang Tidak Beralkohol,2023,0.2275
KOTA LUBUKLINGGAU,2023,Minuman yang Tidak Beralkohol,2023,0.4108333333333334
KOTA BENGKULU,2023,Minuman yang Tidak Beralkohol,2023,0.2425
KOTA BANDAR LAMPUNG,2023,Minuman yang Tidak Beralkohol,2023,0.3974999999999999
KOTA METRO,2023,Minuman yang Tidak Beralkohol,2023,0.1391666666666667
TANJUNG PANDAN,2023,Minuman yang Tidak Beralkohol,2023,0.2483333333333333
KOTA PANGKAL PINANG,2023,Minuman yang Tidak Beralkohol,2023,0.3016666666666667
KOTA BATAM,2023,Minuman yang Tidak Beralkohol,2023,0.2358333333333333
KOTA TANJUNG PINANG,2023,Minuman yang Tidak Beralkohol,2023,0.0183333333333333
DKI JAKARTA,2023,Minuman yang Tidak Beralkohol,2023,0.1308333333333333
KOTA BOGOR,2023,Minuman yang Tidak Beralkohol,2023,0.4033333333333333
KOTA SUKABUMI,2023,Minuman yang Tidak Beralkohol,2023,0.2625
KOTA BANDUNG,2023,Minuman yang Tidak Beralkohol,2023,0.1875
KOTA CIREBON,2023,Minuman yang Tidak Beralkohol,2023,0.1183333333333333
KOTA BEKASI,2023,Minuman yang Tidak Beralkohol,2023,0.3791666666666667
KOTA DEPOK,2023,Minuman yang Tidak Beralkohol,2023,0.1475
KOTA TASIKMALAYA,2023,Minuman yang Tidak Beralkohol,2023,0.2533333333333333
CILACAP,2023,Minuman yang Tidak Beralkohol,2023,0.2033333333333332
PURWOKERTO,2023,Minuman yang Tidak Beralkohol,2023,0.1591666666666666
KUDUS,2023,Minuman yang Tidak Beralkohol,2023,0.1749999999999999
KOTA SURAKARTA,2023,Minuman yang Tidak Beralkohol,2023,0.4216666666666667
KOTA SEMARANG,2023,Minuman yang Tidak Beralkohol,2023,0.3158333333333333
KOTA TEGAL,2023,Minuman yang Tidak Beralkohol,2023,0.3033333333333334
KOTA YOGYAKARTA,2023,Minuman yang Tidak Beralkohol,2023,0.3116666666666667
JEMBER,2023,Minuman yang Tidak Beralkohol,2023,0.1575
BANYUWANGI,2023,Minuman yang Tidak Beralkohol,2023,0.2741666666666666
SUMENEP,2023,Minuman yang Tidak Beralkohol,2023,0.2625
KOTA KEDIRI,2023,Minuman yang Tidak Beralkohol,2023,0.16
KOTA MALANG,2023,Minuman yang Tidak Beralkohol,2023,0.205
KOTA PROBOLINGGO,2023,Minuman yang Tidak Beralkohol,2023,0.1466666666666667
KOTA MADIUN,2023,Minuman yang Tidak Beralkohol,2023,0.1558333333333333
KOTA SURABAYA,2023,Minuman yang Tidak Beralkohol,2023,0.2883333333333333
KOTA TANGERANG,2023,Minuman yang Tidak Beralkohol,2023,0.0866666666666666
KOTA CILEGON,2023,Minuman yang Tidak Beralkohol,2023,0.25
KOTA SERANG,2023,Minuman yang Tidak Beralkohol,2023,0.2366666666666667
SINGARAJA,2023,Minuman yang Tidak Beralkohol,2023,0.2825
KOTA DENPASAR,2023,Minuman yang Tidak Beralkohol,2023,0.1816666666666666
KOTA MATARAM,2023,Minuman yang Tidak Beralkohol,2023,0.37
KOTA BIMA,2023,Minuman yang Tidak Beralkohol,2023,0.1516666666666667
WAINGAPU,2023,Minuman yang Tidak Beralkohol,2023,-0.3358333333333332
MAUMERE,2023,Minuman yang Tidak Beralkohol,2023,0.2683333333333333
KOTA KUPANG,2023,Minuman yang Tidak Beralkohol,2023,0.1616666666666666
SINTANG,2023,Minuman yang Tidak Beralkohol,2023,0.1158333333333333
KOTA PONTIANAK,2023,Minuman yang Tidak Beralkohol,2023,0.1824999999999999
KOTA SINGKAWANG,2023,Minuman yang Tidak Beralkohol,2023,0.1841666666666666
SAMPIT,2023,Minuman yang Tidak Beralkohol,2023,0.0816666666666666
KOTA PALANGKA RAYA,2023,Minuman yang Tidak Beralkohol,2023,0.1866666666666666
KOTA BARU,2023,Minuman yang Tidak Beralkohol,2023,0.25
TANJUNG,2023,Minuman yang Tidak Beralkohol,2023,0.015
KOTA BANJARMASIN,2023,Minuman yang Tidak Beralkohol,2023,0.3816666666666666
KOTA BALIKPAPAN,2023,Minuman yang Tidak Beralkohol,2023,0.2133333333333333
KOTA SAMARINDA,2023,Minuman yang Tidak Beralkohol,2023,0.1575
TANJUNG SELOR,2023,Minuman yang Tidak Beralkohol,2023,0.0433333333333333
KOTA TARAKAN,2023,Minuman yang Tidak Beralkohol,2023,0.22
KOTA MANADO,2023,Minuman yang Tidak Beralkohol,2023,-0.1491666666666666
KOTA KOTAMOBAGU,2023,Minuman yang Tidak Beralkohol,2023,0.2191666666666667
LUWUK,2023,Minuman yang Tidak Beralkohol,2023,0.0249999999999999
KOTA PALU,2023,Minuman yang Tidak Beralkohol,2023,0.1158333333333333
BULUKUMBA,2023,Minuman yang Tidak Beralkohol,2023,0.0966666666666666
WATAMPONE,2023,Minuman yang Tidak Beralkohol,2023,0.0941666666666666
KOTA MAKASSAR,2023,Minuman yang Tidak Beralkohol,2023,0.2266666666666666
KOTA PARE-PARE,2023,Minuman yang Tidak Beralkohol,2023,-0.0391666666666666
KOTA PALOPO,2023,Minuman yang Tidak Beralkohol,2023,0.0858333333333333
KOTA KENDARI,2023,Minuman yang Tidak Beralkohol,2023,0.1374999999999999
KOTA BUA-BAU,2023,Minuman yang Tidak Beralkohol,2023,0.125
KOTA GORONTALO,2023,Minuman yang Tidak Beralkohol,2023,0.1149999999999999
MAMUJU,2023,Minuman yang Tidak Beralkohol,2023,0.0691666666666666
KOTA AMBON,2023,Minuman yang Tidak Beralkohol,2023,0.17
KOTA TUAL,2023,Minuman yang Tidak Beralkohol,2023,0.3458333333333334
KOTA TERNATE,2023,Minuman yang Tidak Beralkohol,2023,0.245
MANOKWARI,2023,Minuman yang Tidak Beralkohol,2023,0.34
KOTA SORONG,2023,Minuman yang Tidak Beralkohol,2023,0.1516666666666666
MERAUKE,2023,Minuman yang Tidak Beralkohol,2023,0.0674999999999999
TIMIKA,2023,Minuman yang Tidak Beralkohol,2023,-0.3391666666666665
KOTA JAYAPURA,2023,Minuman yang Tidak Beralkohol,2023,0.2075
INDONESIA,2023,Minuman yang Tidak Beralkohol,2023,0.1958333333333333
KOTA SIBOLGA,2023,Minuman Beralkohol,2023,0.0
KOTA PEMATANG SIANTAR,2023,Minuman Beralkohol,2023,0.4324999999999999
KOTA GUNUNGSITOLI,2023,Minuman Beralkohol,2023,0.0
KOTA BATAM,2023,Minuman Beralkohol,2023,0.1783333333333333
KOTA TANJUNG PINANG,2023,Minuman Beralkohol,2023,0.0525
SINGARAJA,2023,Minuman Beralkohol,2023,0.5425
KOTA DENPASAR,2023,Minuman Beralkohol,2023,-0.0183333333333333
WAINGAPU,2023,Minuman Beralkohol,2023,-0.0891666666666666
MAUMERE,2023,Minuman Beralkohol,2023,0.0625
KOTA KUPANG,2023,Minuman Beralkohol,2023,0.0916666666666666
KOTA MANADO,2023,Minuman Beralkohol,2023,0.15
KOTA KOTAMOBAGU,2023,Minuman Beralkohol,2023,0.3833333333333333
KOTA AMBON,2023,Minuman Beralkohol,2023,-0.5425
KOTA TUAL,2023,Minuman Beralkohol,2023,0.0
KOTA SORONG,2023,Minuman Beralkohol,2023,0.23
MERAUKE,2023,Minuman Beralkohol,2023,2.355
TIMIKA,2023,Minuman Beralkohol,2023,0.1083333333333333
KOTA JAYAPURA,2023,Minuman Beralkohol,2023,0.1416666666666666
INDONESIA,2023,Minuman Beralkohol,2023,0.1275
KOTA MEULABOH,2023,Rokok dan Tembakau,2023,0.3641666666666667
KOTA BANDA ACEH,2023,Rokok dan Tembakau,2023,0.7541666666666668
KOTA LHOKSEUMAWE,2023,Rokok dan Tembakau,2023,0.4091666666666667
KOTA SIBOLGA,2023,Rokok dan Tembakau,2023,0.7200000000000001
KOTA PEMATANG SIANTAR,2023,Rokok dan Tembakau,2023,0.5291666666666667
KOTA MEDAN,2023,Rokok dan Tembakau,2023,0.5783333333333333
KOTA PADANGSIDIMPUAN,2023,Rokok dan Tembakau,2023,0.5616666666666668
KOTA GUNUNGSITOLI,2023,Rokok dan Tembakau,2023,0.7316666666666668
KOTA PADANG,2023,Rokok dan Tembakau,2023,0.8041666666666666
KOTA BUKITTINGGI,2023,Rokok dan Tembakau,2023,0.4508333333333333
TEMBILAHAN,2023,Rokok dan Tembakau,2023,0.3541666666666667
KOTA PEKANBARU,2023,Rokok dan Tembakau,2023,0.4875
KOTA DUMAI,2023,Rokok dan Tembakau,2023,0.7699999999999999
BUNGO,2023,Rokok dan Tembakau,2023,0.8416666666666667
KOTA JAMBI,2023,Rokok dan Tembakau,2023,0.8316666666666667
KOTA PALEMBANG,2023,Rokok dan Tembakau,2023,0.8449999999999999
KOTA LUBUKLINGGAU,2023,Rokok dan Tembakau,2023,0.4558333333333333
KOTA BENGKULU,2023,Rokok dan Tembakau,2023,0.6841666666666667
KOTA BANDAR LAMPUNG,2023,Rokok dan Tembakau,2023,0.7475000000000002
KOTA METRO,2023,Rokok dan Tembakau,2023,0.7841666666666666
TANJUNG PANDAN,2023,Rokok dan Tembakau,2023,0.8558333333333333
KOTA PANGKAL PINANG,2023,Rokok dan Tembakau,2023,0.9733333333333332
KOTA BATAM,2023,Rokok dan Tembakau,2023,0.8241666666666667
KOTA TANJUNG PINANG,2023,Rokok dan Tembakau,2023,0.8316666666666666
DKI JAKARTA,2023,Rokok dan Tembakau,2023,0.7258333333333332
KOTA BOGOR,2023,Rokok dan Tembakau,2023,0.4658333333333334
KOTA SUKABUMI,2023,Rokok dan Tembakau,2023,0.6416666666666666
KOTA BANDUNG,2023,Rokok dan Tembakau,2023,0.7641666666666667
KOTA CIREBON,2023,Rokok dan Tembakau,2023,0.7991666666666668
KOTA BEKASI,2023,Rokok dan Tembakau,2023,1.1383333333333334
KOTA DEPOK,2023,Rokok dan Tembakau,2023,0.3816666666666666
KOTA TASIKMALAYA,2023,Rokok dan Tembakau,2023,0.6083333333333333
CILACAP,2023,Rokok dan Tembakau,2023,0.5083333333333333
PURWOKERTO,2023,Rokok dan Tembakau,2023,0.7391666666666666
KUDUS,2023,Rokok dan Tembakau,2023,0.8408333333333332
KOTA SURAKARTA,2023,Rokok dan Tembakau,2023,0.9466666666666668
KOTA SEMARANG,2023,Rokok dan Tembakau,2023,0.8408333333333333
KOTA TEGAL,2023,Rokok dan Tembakau,2023,0.6083333333333333
KOTA YOGYAKARTA,2023,Rokok dan Tembakau,2023,1.1175
JEMBER,2023,Rokok dan Tembakau,2023,0.6616666666666667
BANYUWANGI,2023,Rokok dan Tembakau,2023,0.4908333333333333
SUMENEP,2023,Rokok dan Tembakau,2023,0.6108333333333332
KOTA KEDIRI,2023,Rokok dan Tembakau,2023,0.4441666666666667
KOTA MALANG,2023,Rokok dan Tembakau,2023,0.9166666666666666
KOTA PROBOLINGGO,2023,Rokok dan Tembakau,2023,0.7291666666666669
KOTA MADIUN,2023,Rokok dan Tembakau,2023,1.0666666666666669
KOTA SURABAYA,2023,Rokok dan Tembakau,2023,0.5575
KOTA TANGERANG,2023,Rokok dan Tembakau,2023,0.6741666666666667
KOTA CILEGON,2023,Rokok dan Tembakau,2023,0.7899999999999999
KOTA SERANG,2023,Rokok dan Tembakau,2023,0.8558333333333333
SINGARAJA,2023,Rokok dan Tembakau,2023,0.6233333333333334
KOTA DENPASAR,2023,Rokok dan Tembakau,2023,0.8308333333333334
KOTA MATARAM,2023,Rokok dan Tembakau,2023,0.77
KOTA BIMA,2023,Rokok dan Tembakau,2023,0.7983333333333333
WAINGAPU,2023,Rokok dan Tembakau,2023,0.285
MAUMERE,2023,Rokok dan Tembakau,2023,0.6558333333333334
KOTA KUPANG,2023,Rokok dan Tembakau,2023,1.130833333333333
SINTANG,2023,Rokok dan Tembakau,2023,0.6075
KOTA PONTIANAK,2023,Rokok dan Tembakau,2023,0.6783333333333332
KOTA SINGKAWANG,2023,Rokok dan Tembakau,2023,0.6708333333333333
SAMPIT,2023,Rokok dan Tembakau,2023,0.7033333333333333
KOTA PALANGKA RAYA,2023,Rokok dan Tembakau,2023,0.94
KOTA BARU,2023,Rokok dan Tembakau,2023,1.3091666666666668
TANJUNG,2023,Rokok dan Tembakau,2023,0.725
KOTA BANJARMASIN,2023,Rokok dan Tembakau,2023,0.9566666666666668
KOTA BALIKPAPAN,2023,Rokok dan Tembakau,2023,0.7141666666666664
KOTA SAMARINDA,2023,Rokok dan Tembakau,2023,0.9033333333333334
TANJUNG SELOR,2023,Rokok dan Tembakau,2023,0.5233333333333332
KOTA TARAKAN,2023,Rokok dan Tembakau,2023,0.4783333333333333
KOTA MANADO,2023,Rokok dan Tembakau,2023,0.0875
KOTA KOTAMOBAGU,2023,Rokok dan Tembakau,2023,0.7041666666666666
LUWUK,2023,Rokok dan Tembakau,2023,0.595
KOTA PALU,2023,Rokok dan Tembakau,2023,0.7166666666666667
BULUKUMBA,2023,Rokok dan Tembakau,2023,0.2175
WATAMPONE,2023,Rokok dan Tembakau,2023,0.445
KOTA MAKASSAR,2023,Rokok dan Tembakau,2023,0.6758333333333334
KOTA PARE-PARE,2023,Rokok dan Tembakau,2023,0.3841666666666667
KOTA PALOPO,2023,Rokok dan Tembakau,2023,0.5291666666666667
KOTA KENDARI,2023,Rokok dan Tembakau,2023,0.9575
KOTA BUA-BAU,2023,Rokok dan Tembakau,2023,0.1425
KOTA GORONTALO,2023,Rokok dan Tembakau,2023,0.6108333333333333
MAMUJU,2023,Rokok dan Tembakau,2023,0.4574999999999999
KOTA AMBON,2023,Rokok dan Tembakau,2023,0.9208333333333332
KOTA TUAL,2023,Rokok dan Tembakau,2023,0.9608333333333334
KOTA TERNATE,2023,Rokok dan Tembakau,2023,0.4708333333333334
MANOKWARI,2023,Rokok dan Tembakau,2023,1.2425000000000002
KOTA SORONG,2023,Rokok dan Tembakau,2023,0.7800000000000001
MERAUKE,2023,Rokok dan Tembakau,2023,1.1841666666666668
TIMIKA,2023,Rokok dan Tembakau,2023,1.1516666666666666
KOTA JAYAPURA,2023,Rokok dan Tembakau,2023,0.8441666666666667
INDONESIA,2023,Rokok dan Tembakau,2023,0.7075
